"data_deteccao","longitude","latitude","data_quebra","magnitude","r2_historico","n_obs"
"2026-09-04",-44.7881585198669,-20.9688796037957,"2026-07-29",-0.12804,0.271,322
"2026-09-04",-44.7881585198669,-20.9687897722673,"2026-07-14",-0.132084,0.2598,322
"2026-09-04",-44.7880686883385,-20.9690592668525,"2026-08-14",-0.079342,0.2401,324
"2026-09-04",-44.7880686883385,-20.9689694353241,"2026-08-12",-0.093651,0.2583,325
"2026-09-04",-44.7880686883385,-20.9688796037957,"2026-07-29",-0.126532,0.2257,322
"2026-09-04",-44.7880686883385,-20.9687897722673,"2026-07-14",-0.147571,0.2273,323
"2026-09-04",-44.7880686883385,-20.9679812885116,"2026-03-16",0.062757,0.042,321
"2026-09-04",-44.7879788568101,-20.9690592668525,"2026-08-14",-0.079342,0.2401,324
"2026-09-04",-44.7879788568101,-20.9689694353241,"2026-08-12",-0.093651,0.2583,325
"2026-09-04",-44.7879788568101,-20.9688796037957,"2026-07-29",-0.126532,0.2257,322
"2026-09-04",-44.7879788568101,-20.9687897722673,"2026-07-14",-0.147571,0.2273,323
"2026-09-04",-44.7879788568101,-20.9679812885116,"2026-03-16",0.062757,0.042,321
"2026-09-04",-44.7878890252817,-20.9690592668525,"2026-08-12",-0.088757,0.2261,324
"2026-09-04",-44.7878890252817,-20.9689694353241,"2026-08-14",-0.083595,0.2522,326
"2026-09-04",-44.7878890252817,-20.9688796037957,"2026-08-07",-0.106725,0.2345,324
"2026-09-04",-44.7878890252817,-20.9687897722673,"2026-08-12",-0.10459,0.2493,327
"2026-09-04",-44.7878890252817,-20.96807112004,"2026-03-16",0.057745,0.0266,323
"2026-09-04",-44.7878890252817,-20.9679812885116,"2026-03-16",0.064872,0.0419,325
"2026-09-04",-44.7878890252817,-20.9678914569832,"2026-03-16",0.06819,0.0996,324
"2026-09-04",-44.7877991937533,-20.9690592668525,"2026-08-07",-0.123469,0.2219,326
"2026-09-04",-44.7877991937533,-20.9689694353241,"2026-08-07",-0.09505,0.2206,325
"2026-09-04",-44.7877991937533,-20.9688796037957,"2026-08-12",-0.104792,0.2222,325
"2026-09-04",-44.7877991937533,-20.9687897722673,"2026-08-14",-0.066712,0.2567,325
"2026-09-04",-44.7877991937533,-20.96807112004,"2026-03-16",0.061097,0.0227,322
"2026-09-04",-44.7877991937533,-20.9679812885116,"2026-03-16",0.078697,0.0382,324
"2026-09-04",-44.7877991937533,-20.9678914569832,"2026-03-16",0.059218,0.074,326
"2026-09-04",-44.7877093622248,-20.9708558974208,"2026-08-02",0.092089,0.4577,327
"2026-09-04",-44.7877093622248,-20.9697779190798,"2026-08-12",-0.078694,0.3841,327
"2026-09-04",-44.7877093622248,-20.9690592668525,"2026-08-02",-0.119701,0.2195,326
"2026-09-04",-44.7877093622248,-20.9689694353241,"2026-08-07",-0.120767,0.2109,326
"2026-09-04",-44.7877093622248,-20.9688796037957,"2026-08-12",-0.111315,0.208,325
"2026-09-04",-44.7877093622248,-20.9687897722673,"2026-08-12",-0.097427,0.2291,324
"2026-09-04",-44.7876195306964,-20.970676234364,"2026-07-29",0.115757,0.3579,328
"2026-09-04",-44.7876195306964,-20.9705864028356,"2026-08-02",0.108107,0.3422,327
"2026-09-04",-44.7876195306964,-20.9690592668525,"2026-08-07",-0.113403,0.2163,325
"2026-09-04",-44.7876195306964,-20.9689694353241,"2026-08-12",-0.119888,0.2165,326
"2026-09-04",-44.7876195306964,-20.9688796037957,"2026-08-14",-0.097553,0.2141,323
"2026-09-04",-44.7876195306964,-20.9687897722673,"2026-08-12",-0.108199,0.2136,325
"2026-09-04",-44.787529699168,-20.9705864028356,"2026-08-12",0.072862,0.3766,327
"2026-09-04",-44.787529699168,-20.9690592668525,"2026-08-07",-0.129274,0.2123,323
"2026-09-04",-44.787529699168,-20.9689694353241,"2026-08-12",-0.108884,0.2349,325
"2026-09-04",-44.787529699168,-20.9688796037957,"2026-08-22",-0.088063,0.2206,327
"2026-09-04",-44.7874398676396,-20.9701372451935,"2026-03-16",-0.04259,0.3743,328
"2026-09-04",-44.7874398676396,-20.9689694353241,"2026-08-12",-0.122572,0.2574,325
"2026-09-04",-44.7874398676396,-20.9688796037957,"2026-08-07",-0.143375,0.2263,324
"2026-09-04",-44.7874398676396,-20.9687897722673,"2026-08-12",-0.107626,0.2318,326
"2026-09-04",-44.7873500361112,-20.9689694353241,"2026-08-07",-0.135114,0.2518,324
"2026-09-04",-44.7873500361112,-20.9688796037957,"2026-08-02",-0.145606,0.2237,323
"2026-09-04",-44.7873500361112,-20.9687897722673,"2026-08-02",-0.120241,0.231,324
"2026-09-04",-44.7873500361112,-20.9669033101707,"2026-04-04",0.090564,0.1687,327
"2026-09-04",-44.7872602045828,-20.9689694353241,"2026-08-07",-0.128557,0.2553,322
"2026-09-04",-44.7872602045828,-20.9688796037957,"2026-08-12",-0.108456,0.2187,322
"2026-09-04",-44.7872602045828,-20.9669033101707,"2026-03-27",0.077624,0.127,328
"2026-09-04",-44.7871703730544,-20.9688796037957,"2026-08-07",-0.113897,0.2581,321
"2026-09-04",-44.7871703730544,-20.9687897722673,"2026-08-14",-0.109155,0.2271,321
"2026-09-04",-44.787080541526,-20.9688796037957,"2026-07-29",-0.105698,0.2775,320
"2026-09-04",-44.787080541526,-20.9687897722673,"2026-08-02",-0.124306,0.252,320
"2026-09-04",-44.7869907099975,-20.9705864028356,"2026-08-28",0.140657,0.7635,328
"2026-09-04",-44.7869907099975,-20.9704965713071,"2026-08-28",0.165503,0.7613,331
"2026-09-04",-44.7869907099975,-20.9704067397787,"2026-07-29",0.171984,0.7649,330
"2026-09-04",-44.7869907099975,-20.9703169082503,"2026-08-28",0.112489,0.6906,330
"2026-09-04",-44.7869907099975,-20.9688796037957,"2026-08-07",-0.126173,0.2801,317
"2026-09-04",-44.7869008784691,-20.9704067397787,"2026-08-07",0.115933,0.6556,331
"2026-09-04",-44.7869008784691,-20.9703169082503,"2026-08-02",0.124224,0.6784,329
"2026-09-04",-44.7868110469407,-20.9704965713071,"2026-07-29",0.118242,0.7863,328
"2026-09-04",-44.7868110469407,-20.9662744894718,"2026-09-03",0.08748,0.4147,321
"2026-09-04",-44.7868110469407,-20.9661846579434,"2026-08-17",0.084533,0.4371,320
"2026-09-04",-44.7868110469407,-20.966094826415,"2026-08-17",0.084533,0.4371,320
"2026-09-04",-44.7867212154123,-20.9683406146253,"2026-03-16",0.021004,0.0919,321
"2026-09-04",-44.7867212154123,-20.9679812885116,"2026-03-27",0.04025,0.0789,324
"2026-09-04",-44.7867212154123,-20.9668134786422,"2026-08-17",0.085248,0.2025,326
"2026-09-04",-44.7867212154123,-20.9667236471138,"2026-08-14",0.092001,0.2517,328
"2026-09-04",-44.7867212154123,-20.9666338155854,"2026-08-12",0.117237,0.2279,329
"2026-09-04",-44.7867212154123,-20.9661846579434,"2026-08-14",0.084068,0.4194,321
"2026-09-04",-44.7867212154123,-20.966094826415,"2026-08-14",0.084068,0.4194,321
"2026-09-04",-44.7866313838839,-20.9683406146253,"2026-03-16",0.021004,0.0919,321
"2026-09-04",-44.7866313838839,-20.9679812885116,"2026-03-27",0.04025,0.0789,324
"2026-09-04",-44.7866313838839,-20.9667236471138,"2026-08-14",0.086512,0.2301,329
"2026-09-04",-44.7866313838839,-20.9666338155854,"2026-08-07",0.12802,0.2381,328
"2026-09-04",-44.7866313838839,-20.9661846579434,"2026-08-14",0.088493,0.4157,324
"2026-09-04",-44.7866313838839,-20.966094826415,"2026-08-14",0.088493,0.4157,324
"2026-09-04",-44.7865415523555,-20.9667236471138,"2026-08-14",0.086512,0.2301,329
"2026-09-04",-44.7865415523555,-20.9661846579434,"2026-08-14",0.088493,0.4157,324
"2026-09-04",-44.7865415523555,-20.966094826415,"2026-08-14",0.088493,0.4157,324
"2026-09-04",-44.7864517208271,-20.9686999407389,"2026-08-07",0.145581,0.2862,320
"2026-09-04",-44.7864517208271,-20.9686101092105,"2026-08-02",0.148812,0.3013,321
"2026-09-04",-44.7864517208271,-20.9685202776821,"2026-08-17",0.124666,0.317,322
"2026-09-04",-44.7864517208271,-20.9684304461537,"2026-07-19",0.146837,0.3451,323
"2026-09-04",-44.7864517208271,-20.9667236471138,"2026-08-14",0.079664,0.2563,329
"2026-09-04",-44.7863618892987,-20.9700474136651,"2026-09-03",0.055358,0.4467,322
"2026-09-04",-44.7863618892987,-20.9687897722673,"2026-09-02",0.128888,0.3451,321
"2026-09-04",-44.7863618892987,-20.9686999407389,"2026-08-02",0.167459,0.3209,325
"2026-09-04",-44.7863618892987,-20.9686101092105,"2026-07-19",0.175121,0.3062,322
"2026-09-04",-44.7863618892987,-20.9685202776821,"2026-07-14",0.160152,0.3444,321
"2026-09-04",-44.7863618892987,-20.9684304461537,"2026-07-19",0.150421,0.3085,324
"2026-09-04",-44.7862720577702,-20.9687897722673,"2026-08-28",0.138879,0.3472,322
"2026-09-04",-44.7862720577702,-20.9686999407389,"2026-07-24",0.190578,0.3257,324
"2026-09-04",-44.7862720577702,-20.9686101092105,"2026-07-14",0.171791,0.3183,322
"2026-09-04",-44.7862720577702,-20.9685202776821,"2026-07-19",0.153966,0.3236,323
"2026-09-04",-44.7861822262418,-20.9687897722673,"2026-07-14",0.179222,0.2702,323
"2026-09-04",-44.7861822262418,-20.9686999407389,"2026-07-14",0.187063,0.2705,324
"2026-09-04",-44.7861822262418,-20.9686101092105,"2026-07-14",0.201867,0.2433,324
"2026-09-04",-44.7861822262418,-20.9685202776821,"2026-07-14",0.170875,0.2836,325
"2026-09-04",-44.7860923947134,-20.969598256023,"2026-08-17",-0.049502,0.3638,325
"2026-09-04",-44.7860923947134,-20.9687897722673,"2026-07-14",0.182252,0.2382,323
"2026-09-04",-44.7860923947134,-20.9686999407389,"2026-07-14",0.17952,0.2273,324
"2026-09-04",-44.786002563185,-20.9687897722673,"2026-08-07",0.149979,0.2705,323
"2026-09-04",-44.786002563185,-20.9686999407389,"2026-07-24",0.148358,0.2473,327
"2026-09-04",-44.7859127316566,-20.9687897722673,"2026-07-14",0.160536,0.2016,325
"2026-09-04",-44.7859127316566,-20.9686999407389,"2026-07-24",0.164619,0.2114,326
"2026-09-04",-44.7858229001282,-20.9687897722673,"2026-07-29",0.162498,0.2237,323
"2026-09-04",-44.7857330685998,-20.9687897722673,"2026-08-02",0.145915,0.2226,323
"2026-09-04",-44.7857330685998,-20.9686999407389,"2026-08-02",0.158839,0.2357,326
"2026-09-04",-44.7857330685998,-20.9655558372445,"2026-08-14",0.094075,0.2897,330
"2026-09-04",-44.7857330685998,-20.9654660057161,"2026-08-07",0.116346,0.2855,332
"2026-09-04",-44.7856432370714,-20.9687897722673,"2026-07-24",0.133717,0.2521,324
"2026-09-04",-44.7856432370714,-20.9686999407389,"2026-07-29",0.135472,0.2673,326
"2026-09-04",-44.7856432370714,-20.9682507830968,"2026-08-07",0.075992,0.5477,333
"2026-09-04",-44.7856432370714,-20.966094826415,"2026-04-30",-0.047129,0.4942,325
"2026-09-04",-44.7856432370714,-20.9657355003013,"2026-08-14",0.087695,0.271,327
"2026-09-04",-44.7856432370714,-20.9656456687729,"2026-08-14",0.101294,0.2781,329
"2026-09-04",-44.7856432370714,-20.9655558372445,"2026-08-12",0.109796,0.2734,330
"2026-09-04",-44.7856432370714,-20.9654660057161,"2026-07-29",0.112427,0.3098,332
"2026-09-04",-44.7855534055429,-20.9687897722673,"2026-07-24",0.137716,0.236,324
"2026-09-04",-44.7855534055429,-20.9686999407389,"2026-08-02",0.119812,0.2778,327
"2026-09-04",-44.7855534055429,-20.9682507830968,"2026-09-03",0.086572,0.461,330
"2026-09-04",-44.7855534055429,-20.9660049948865,"2026-05-05",-0.038731,0.4728,323
"2026-09-04",-44.7855534055429,-20.9657355003013,"2026-08-17",0.08787,0.2496,328
"2026-09-04",-44.7855534055429,-20.9656456687729,"2026-08-14",0.101091,0.2591,328
"2026-09-04",-44.7855534055429,-20.9655558372445,"2026-08-02",0.106658,0.2902,330
"2026-09-04",-44.7854635740145,-20.9687897722673,"2026-07-29",0.124538,0.2766,324
"2026-09-04",-44.7854635740145,-20.9686999407389,"2026-08-02",0.126599,0.2888,327
"2026-09-04",-44.7854635740145,-20.9660049948865,"2026-05-26",-0.020958,0.4374,321
"2026-09-04",-44.7854635740145,-20.9657355003013,"2026-08-17",0.092033,0.2679,327
"2026-09-04",-44.7854635740145,-20.9656456687729,"2026-08-07",0.102726,0.2595,329
"2026-09-04",-44.7853737424861,-20.9686999407389,"2026-08-12",0.143282,0.2985,325
"2026-09-04",-44.7853737424861,-20.9659151633581,"2026-05-26",-0.03331,0.4376,322
"2026-09-04",-44.7853737424861,-20.9657355003013,"2026-08-17",0.093141,0.2736,326
"2026-09-04",-44.7853737424861,-20.9656456687729,"2026-08-02",0.122209,0.2634,326
"2026-09-04",-44.7852839109577,-20.9686999407389,"2026-08-12",0.143282,0.2985,325
"2026-09-04",-44.7852839109577,-20.9658253318297,"2026-05-26",-0.000556,0.4609,321
"2026-09-04",-44.7852839109577,-20.9656456687729,"2026-07-19",0.124991,0.3868,326
"2026-09-04",-44.7851940794293,-20.9658253318297,"2026-05-26",-0.000556,0.4609,321
"2026-09-04",-44.7849245848441,-20.969598256023,"2026-08-02",-0.051452,0.3922,320
"2026-09-04",-44.7849245848441,-20.9678016254548,"2026-01-09",0.048484,0.441,325
"2026-09-04",-44.7849245848441,-20.9677117939264,"2026-03-05",0.068349,0.3916,325
"2026-09-04",-44.7849245848441,-20.967621962398,"2026-03-05",0.074081,0.4374,323
"2026-09-04",-44.7848347533157,-20.969598256023,"2026-08-02",-0.057642,0.4061,321
"2026-09-04",-44.7848347533157,-20.9679812885116,"2026-02-28",0.063595,0.431,326
"2026-09-04",-44.7848347533157,-20.9678914569832,"2026-01-09",0.06275,0.479,323
"2026-09-04",-44.7848347533157,-20.9678016254548,"2026-02-14",0.065747,0.483,322
"2026-09-04",-44.7848347533157,-20.9677117939264,"2026-02-28",0.071087,0.5138,321
"2026-09-04",-44.7848347533157,-20.9675321308695,"2026-02-14",0.0678,0.448,320
"2026-09-04",-44.7848347533157,-20.9664541525286,"2026-01-09",0.043352,0.4447,318
"2026-09-04",-44.7848347533157,-20.9663643210002,"2026-01-09",0.024083,0.4966,317
"2026-09-04",-44.7848347533157,-20.9659151633581,"2026-06-14",0.007332,0.4502,321
"2026-09-04",-44.7847449217872,-20.9686101092105,"2026-09-03",0.092824,0.5125,326
"2026-09-04",-44.7847449217872,-20.9681609515684,"2026-01-09",0.043805,0.4513,322
"2026-09-04",-44.7847449217872,-20.9679812885116,"2026-04-16",0.054962,0.4727,325
"2026-09-04",-44.7847449217872,-20.9678914569832,"2026-02-14",0.059784,0.483,322
"2026-09-04",-44.7847449217872,-20.9678016254548,"2026-02-28",0.057957,0.484,321
"2026-09-04",-44.7847449217872,-20.9677117939264,"2026-02-28",0.064674,0.4668,320
"2026-09-04",-44.7847449217872,-20.967621962398,"2026-04-16",0.07862,0.4478,319
"2026-09-04",-44.7847449217872,-20.9674422993411,"2026-02-14",0.068047,0.4547,318
"2026-09-04",-44.7847449217872,-20.9673524678127,"2026-02-28",0.052765,0.4233,317
"2026-09-04",-44.7847449217872,-20.9667236471138,"2026-02-14",0.036919,0.409,316
"2026-09-04",-44.7847449217872,-20.9666338155854,"2026-01-14",0.045299,0.4993,317
"2026-09-04",-44.7847449217872,-20.966543984057,"2026-01-14",0.045299,0.4993,317
"2026-09-04",-44.7847449217872,-20.9664541525286,"2026-08-28",0.054784,0.4588,318
"2026-09-04",-44.7847449217872,-20.9663643210002,"2026-01-09",0.02985,0.5245,316
"2026-09-04",-44.7847449217872,-20.9662744894718,"2026-01-09",0.029373,0.436,318
"2026-09-04",-44.7846550902588,-20.9679812885116,"2026-02-28",0.048796,0.456,327
"2026-09-04",-44.7846550902588,-20.9678016254548,"2026-04-16",0.06167,0.5587,321
"2026-09-04",-44.7846550902588,-20.9677117939264,"2026-02-14",0.068484,0.5208,319
"2026-09-04",-44.7846550902588,-20.967621962398,"2026-09-02",0.065723,0.4732,318
"2026-09-04",-44.7846550902588,-20.9675321308695,"2026-09-02",0.082784,0.411,319
"2026-09-04",-44.7846550902588,-20.9674422993411,"2026-02-28",0.05843,0.5065,318
"2026-09-04",-44.7846550902588,-20.9669931416991,"2026-01-14",0.043922,0.4122,317
"2026-09-04",-44.7846550902588,-20.9669033101707,"2026-01-09",0.047073,0.4181,316
"2026-09-04",-44.7846550902588,-20.9668134786422,"2026-01-09",0.040085,0.4451,316
"2026-09-04",-44.7846550902588,-20.9666338155854,"2026-08-14",0.092665,0.4606,319
"2026-09-04",-44.7846550902588,-20.966543984057,"2026-08-14",0.092665,0.4606,319
"2026-09-04",-44.7846550902588,-20.9664541525286,"2026-08-14",0.092947,0.4204,319
"2026-09-04",-44.7846550902588,-20.9663643210002,"2026-08-17",0.065505,0.4254,318
"2026-09-04",-44.7846550902588,-20.9662744894718,"2026-09-03",0.030963,0.466,318
"2026-09-04",-44.7845652587304,-20.9685202776821,"2026-01-09",0.063815,0.4494,323
"2026-09-04",-44.7845652587304,-20.9683406146253,"2026-02-28",0.065079,0.4708,321
"2026-09-04",-44.7845652587304,-20.9678914569832,"2026-09-02",0.081631,0.4665,323
"2026-09-04",-44.7845652587304,-20.9678016254548,"2026-08-28",0.082231,0.4684,322
"2026-09-04",-44.7845652587304,-20.9677117939264,"2026-08-28",0.085103,0.4572,319
"2026-09-04",-44.7845652587304,-20.9669033101707,"2026-09-03",0.057167,0.4599,315
"2026-09-04",-44.7845652587304,-20.9667236471138,"2026-08-07",0.107545,0.4661,320
"2026-09-04",-44.7845652587304,-20.9666338155854,"2026-07-29",0.130075,0.4478,319
"2026-09-04",-44.7845652587304,-20.966543984057,"2026-07-29",0.130075,0.4478,319
"2026-09-04",-44.7845652587304,-20.9664541525286,"2026-08-02",0.125076,0.4057,320
"2026-09-04",-44.7845652587304,-20.9663643210002,"2026-08-14",0.090866,0.4038,319
"2026-09-04",-44.784475427202,-20.969598256023,"2026-07-14",-0.087409,0.3754,324
"2026-09-04",-44.784475427202,-20.9683406146253,"2026-03-05",0.029599,0.4927,321
"2026-09-04",-44.784475427202,-20.9668134786422,"2026-08-14",0.086926,0.4593,317
"2026-09-04",-44.784475427202,-20.9667236471138,"2026-08-12",0.101417,0.4723,319
"2026-09-04",-44.784475427202,-20.9666338155854,"2026-08-12",0.102657,0.4408,319
"2026-09-04",-44.784475427202,-20.966543984057,"2026-08-12",0.102657,0.4408,319
"2026-09-04",-44.784475427202,-20.9664541525286,"2026-08-28",0.078576,0.3515,319
"2026-09-04",-44.7843855956736,-20.9667236471138,"2026-08-07",0.103048,0.4511,318
"2026-09-04",-44.7843855956736,-20.9666338155854,"2026-08-07",0.103048,0.4511,318
"2026-09-04",-44.7843855956736,-20.966543984057,"2026-09-02",0.065992,0.3638,320
"2026-09-04",-44.7843855956736,-20.9664541525286,"2026-02-28",0.029747,0.3337,319
"2026-09-04",-44.7838466065031,-20.9702270767219,"2026-04-16",0.004366,0.4443,323
"2026-09-04",-44.7837567749747,-20.9702270767219,"2026-02-28",0.009925,0.457,324
"2026-09-04",-44.7836669434463,-20.9699575821367,"2026-09-02",0.078751,0.3249,321
"2026-09-04",-44.7827686281622,-20.9698677506083,"2026-07-29",-0.055497,0.5287,323
"2026-09-04",-44.7826787966338,-20.9697779190798,"2026-08-14",-0.039493,0.4173,321
"2026-09-04",-44.7826787966338,-20.969598256023,"2026-07-24",-0.073416,0.4644,321
"2026-09-04",-44.7825889651054,-20.9697779190798,"2026-08-14",-0.039493,0.4173,321
"2026-09-04",-44.7825889651054,-20.969598256023,"2026-07-24",-0.073416,0.4644,321
"2026-09-04",-44.7824991335769,-20.9697779190798,"2026-08-07",-0.052225,0.4382,322
"2026-09-04",-44.7824991335769,-20.969598256023,"2026-07-29",-0.061256,0.4805,321
"2026-09-04",-44.7824991335769,-20.9695084244946,"2026-07-03",-0.082743,0.3883,321
"2026-09-04",-44.7824991335769,-20.9694185929662,"2026-07-19",-0.070101,0.3717,319
"2026-09-04",-44.7824991335769,-20.9693287614378,"2026-08-07",-0.076147,0.3609,319
"2026-09-04",-44.7824991335769,-20.9692389299094,"2026-08-02",-0.068741,0.3477,319
"2026-09-04",-44.7824991335769,-20.969149098381,"2026-08-02",-0.078087,0.3529,321
"2026-09-04",-44.7824093020485,-20.9697779190798,"2026-08-02",-0.055277,0.4305,325
"2026-09-04",-44.7824093020485,-20.9696880875514,"2026-08-02",-0.053122,0.4381,323
"2026-09-04",-44.7824093020485,-20.969598256023,"2026-08-14",-0.034667,0.4107,323
"2026-09-04",-44.7824093020485,-20.9695084244946,"2026-07-08",-0.07874,0.4514,323
"2026-09-04",-44.7824093020485,-20.9694185929662,"2026-06-28",-0.08662,0.3937,320
"2026-09-04",-44.7824093020485,-20.9693287614378,"2026-06-28",-0.099623,0.3858,321
"2026-09-04",-44.7824093020485,-20.9692389299094,"2026-07-08",-0.092276,0.3753,320
"2026-09-04",-44.7824093020485,-20.969149098381,"2026-07-08",-0.085609,0.3538,320
"2026-09-04",-44.7823194705201,-20.9697779190798,"2026-08-02",-0.058537,0.4302,320
"2026-09-04",-44.7823194705201,-20.9696880875514,"2026-07-29",-0.056262,0.4343,322
"2026-09-04",-44.7823194705201,-20.969598256023,"2026-07-29",-0.051565,0.4487,321
"2026-09-04",-44.7823194705201,-20.9695084244946,"2026-07-08",-0.071306,0.447,322
"2026-09-04",-44.7823194705201,-20.9694185929662,"2026-06-19",-0.120969,0.4032,321
"2026-09-04",-44.7823194705201,-20.9693287614378,"2026-06-19",-0.110557,0.4059,319
"2026-09-04",-44.7823194705201,-20.9692389299094,"2026-07-14",-0.095632,0.367,320
"2026-09-04",-44.7823194705201,-20.969149098381,"2026-06-19",-0.102824,0.3995,319
"2026-09-04",-44.7823194705201,-20.9690592668525,"2026-06-23",-0.084398,0.4224,320
"2026-09-04",-44.7822296389917,-20.9698677506083,"2026-07-08",-0.074149,0.4203,321
"2026-09-04",-44.7822296389917,-20.9697779190798,"2026-08-07",-0.06392,0.4506,320
"2026-09-04",-44.7822296389917,-20.9696880875514,"2026-08-02",-0.05526,0.4206,323
"2026-09-04",-44.7822296389917,-20.969598256023,"2026-07-24",-0.062025,0.4681,322
"2026-09-04",-44.7822296389917,-20.9695084244946,"2026-07-03",-0.063657,0.4536,321
"2026-09-04",-44.7822296389917,-20.9694185929662,"2026-06-14",-0.122976,0.4419,321
"2026-09-04",-44.7822296389917,-20.9693287614378,"2026-06-14",-0.116905,0.4124,321
"2026-09-04",-44.7822296389917,-20.9692389299094,"2026-06-23",-0.109783,0.4099,320
"2026-09-04",-44.7822296389917,-20.969149098381,"2026-06-14",-0.115792,0.4033,319
"2026-09-04",-44.7822296389917,-20.9690592668525,"2026-06-14",-0.114018,0.4224,320
"2026-09-04",-44.7821398074633,-20.9698677506083,"2026-07-03",-0.088263,0.4464,320
"2026-09-04",-44.7821398074633,-20.9697779190798,"2026-07-08",-0.084471,0.4547,321
"2026-09-04",-44.7821398074633,-20.9696880875514,"2026-07-24",-0.078089,0.4577,321
"2026-09-04",-44.7821398074633,-20.969598256023,"2026-07-19",-0.074655,0.4803,322
"2026-09-04",-44.7821398074633,-20.9695084244946,"2026-06-19",-0.068496,0.4485,322
"2026-09-04",-44.7821398074633,-20.9694185929662,"2026-06-19",-0.085333,0.4885,322
"2026-09-04",-44.7821398074633,-20.9693287614378,"2026-06-14",-0.133814,0.455,321
"2026-09-04",-44.7821398074633,-20.9692389299094,"2026-06-14",-0.121849,0.4243,321
"2026-09-04",-44.7821398074633,-20.969149098381,"2026-06-14",-0.134623,0.408,319
"2026-09-04",-44.7821398074633,-20.9690592668525,"2026-06-14",-0.127756,0.4289,321
"2026-09-04",-44.7821398074633,-20.9689694353241,"2026-06-14",-0.115072,0.4411,321
"2026-09-04",-44.7821398074633,-20.9688796037957,"2026-06-14",-0.084893,0.4356,322
"2026-09-04",-44.7821398074633,-20.9686999407389,"2026-06-19",-0.079096,0.4409,324
"2026-09-04",-44.7820499759349,-20.9698677506083,"2026-07-19",-0.072658,0.4426,323
"2026-09-04",-44.7820499759349,-20.9697779190798,"2026-06-19",-0.118584,0.4331,321
"2026-09-04",-44.7820499759349,-20.9696880875514,"2026-06-23",-0.081958,0.4546,321
"2026-09-04",-44.7820499759349,-20.969598256023,"2026-07-29",-0.049309,0.4667,321
"2026-09-04",-44.7820499759349,-20.9695084244946,"2026-06-19",-0.057828,0.4692,320
"2026-09-04",-44.7820499759349,-20.9694185929662,"2026-06-14",-0.061266,0.4707,320
"2026-09-04",-44.7820499759349,-20.9693287614378,"2026-06-14",-0.115889,0.5038,322
"2026-09-04",-44.7820499759349,-20.9692389299094,"2026-06-09",-0.13854,0.4416,322
"2026-09-04",-44.7820499759349,-20.969149098381,"2026-06-14",-0.134109,0.4175,321
"2026-09-04",-44.7820499759349,-20.9690592668525,"2026-06-14",-0.149013,0.4142,322
"2026-09-04",-44.7820499759349,-20.9689694353241,"2026-06-09",-0.160672,0.415,320
"2026-09-04",-44.7820499759349,-20.9688796037957,"2026-06-14",-0.103602,0.3788,320
"2026-09-04",-44.7820499759349,-20.9687897722673,"2026-06-14",-0.092925,0.4016,322
"2026-09-04",-44.7820499759349,-20.9686999407389,"2026-06-14",-0.087952,0.4713,322
"2026-09-04",-44.7820499759349,-20.9686101092105,"2026-06-14",-0.074005,0.5285,323
"2026-09-04",-44.7819601444065,-20.9698677506083,"2026-07-08",-0.06577,0.5058,321
"2026-09-04",-44.7819601444065,-20.969598256023,"2026-06-19",-0.067663,0.4707,319
"2026-09-04",-44.7819601444065,-20.9695084244946,"2026-06-23",-0.067532,0.4488,319
"2026-09-04",-44.7819601444065,-20.9694185929662,"2026-06-19",-0.074053,0.4585,319
"2026-09-04",-44.7819601444065,-20.9693287614378,"2026-06-23",-0.058119,0.4505,320
"2026-09-04",-44.7819601444065,-20.9692389299094,"2026-06-19",-0.118487,0.4473,321
"2026-09-04",-44.7819601444065,-20.969149098381,"2026-06-14",-0.124464,0.4327,321
"2026-09-04",-44.7819601444065,-20.9690592668525,"2026-06-14",-0.134533,0.4217,320
"2026-09-04",-44.7819601444065,-20.9689694353241,"2026-06-09",-0.168662,0.41,321
"2026-09-04",-44.7819601444065,-20.9688796037957,"2026-06-14",-0.144351,0.3766,321
"2026-09-04",-44.7819601444065,-20.9687897722673,"2026-06-14",-0.109525,0.3881,321
"2026-09-04",-44.7819601444065,-20.9686999407389,"2026-06-14",-0.096056,0.4357,322
"2026-09-04",-44.7819601444065,-20.9686101092105,"2026-06-14",-0.077556,0.4923,322
"2026-09-04",-44.7818703128781,-20.9703169082503,"2026-01-09",0.015092,0.5756,317
"2026-09-04",-44.7818703128781,-20.9702270767219,"2026-01-09",0.013237,0.6481,317
"2026-09-04",-44.7818703128781,-20.9699575821367,"2026-07-08",-0.016535,0.5425,320
"2026-09-04",-44.7818703128781,-20.969598256023,"2026-07-03",-0.081489,0.4454,321
"2026-09-04",-44.7818703128781,-20.9695084244946,"2026-06-28",-0.065296,0.4346,319
"2026-09-04",-44.7818703128781,-20.9694185929662,"2026-06-19",-0.080046,0.4495,319
"2026-09-04",-44.7818703128781,-20.9692389299094,"2026-06-23",-0.101743,0.5247,321
"2026-09-04",-44.7818703128781,-20.969149098381,"2026-06-09",-0.125339,0.4564,322
"2026-09-04",-44.7818703128781,-20.9690592668525,"2026-06-14",-0.104818,0.4145,321
"2026-09-04",-44.7818703128781,-20.9689694353241,"2026-06-14",-0.124525,0.3977,320
"2026-09-04",-44.7818703128781,-20.9688796037957,"2026-06-14",-0.14225,0.3515,321
"2026-09-04",-44.7818703128781,-20.9687897722673,"2026-06-14",-0.135001,0.3636,322
"2026-09-04",-44.7818703128781,-20.9686999407389,"2026-06-09",-0.10501,0.4124,322
"2026-09-04",-44.7818703128781,-20.9686101092105,"2026-06-09",-0.104348,0.4358,323
"2026-09-04",-44.7818703128781,-20.9685202776821,"2026-06-09",-0.078353,0.4512,321
"2026-09-04",-44.7817804813496,-20.9703169082503,"2026-08-28",0.048744,0.6397,319
"2026-09-04",-44.7817804813496,-20.9702270767219,"2026-05-05",-0.012266,0.6592,320
"2026-09-04",-44.7817804813496,-20.9700474136651,"2026-06-23",-0.017801,0.5165,322
"2026-09-04",-44.7817804813496,-20.9699575821367,"2026-07-03",-0.021423,0.5388,319
"2026-09-04",-44.7817804813496,-20.9698677506083,"2026-07-03",-0.027473,0.543,320
"2026-09-04",-44.7817804813496,-20.9697779190798,"2026-07-03",-0.064251,0.5198,320
"2026-09-04",-44.7817804813496,-20.9696880875514,"2026-07-14",-0.073129,0.4713,321
"2026-09-04",-44.7817804813496,-20.969598256023,"2026-08-22",-0.078823,0.4389,319
"2026-09-04",-44.7817804813496,-20.9695084244946,"2026-06-23",-0.069105,0.4429,320
"2026-09-04",-44.7817804813496,-20.9694185929662,"2026-06-19",-0.075749,0.4513,319
"2026-09-04",-44.7817804813496,-20.9693287614378,"2026-06-14",-0.076646,0.4583,320
"2026-09-04",-44.7817804813496,-20.9692389299094,"2026-06-19",-0.102349,0.5384,320
"2026-09-04",-44.7817804813496,-20.969149098381,"2026-06-09",-0.154999,0.4866,321
"2026-09-04",-44.7817804813496,-20.9690592668525,"2026-06-14",-0.111874,0.4212,322
"2026-09-04",-44.7817804813496,-20.9689694353241,"2026-06-19",-0.110673,0.3613,323
"2026-09-04",-44.7817804813496,-20.9688796037957,"2026-06-14",-0.120311,0.3446,323
"2026-09-04",-44.7817804813496,-20.9687897722673,"2026-06-14",-0.132284,0.3239,323
"2026-09-04",-44.7817804813496,-20.9686999407389,"2026-06-14",-0.133201,0.3984,320
"2026-09-04",-44.7817804813496,-20.9686101092105,"2026-05-29",-0.13546,0.4225,320
"2026-09-04",-44.7817804813496,-20.9685202776821,"2026-06-04",-0.118717,0.4409,323
"2026-09-04",-44.7817804813496,-20.9684304461537,"2026-06-14",-0.10653,0.3965,321
"2026-09-04",-44.7816906498212,-20.9704965713071,"2026-01-09",0.026978,0.5287,316
"2026-09-04",-44.7816906498212,-20.9704067397787,"2026-04-19",0.08817,0.6535,319
"2026-09-04",-44.7816906498212,-20.9703169082503,"2026-03-16",0.102136,0.7155,320
"2026-09-04",-44.7816906498212,-20.9702270767219,"2026-01-09",-0.031864,0.6087,321
"2026-09-04",-44.7816906498212,-20.9699575821367,"2026-06-14",-0.03792,0.5426,321
"2026-09-04",-44.7816906498212,-20.9698677506083,"2026-06-19",-0.056222,0.5516,320
"2026-09-04",-44.7816906498212,-20.9697779190798,"2026-06-28",-0.051657,0.5483,320
"2026-09-04",-44.7816906498212,-20.9696880875514,"2026-06-28",-0.071034,0.523,320
"2026-09-04",-44.7816906498212,-20.9695084244946,"2026-06-28",-0.077113,0.444,319
"2026-09-04",-44.7816906498212,-20.9694185929662,"2026-06-19",-0.084209,0.4453,319
"2026-09-04",-44.7816906498212,-20.9693287614378,"2026-06-14",-0.107981,0.449,320
"2026-09-04",-44.7816906498212,-20.9692389299094,"2026-06-14",-0.094995,0.5539,319
"2026-09-04",-44.7816906498212,-20.969149098381,"2026-06-09",-0.131256,0.5011,320
"2026-09-04",-44.7816906498212,-20.9690592668525,"2026-06-14",-0.129043,0.4227,322
"2026-09-04",-44.7816906498212,-20.9689694353241,"2026-06-19",-0.092992,0.3738,323
"2026-09-04",-44.7816906498212,-20.9688796037957,"2026-06-19",-0.110915,0.348,324
"2026-09-04",-44.7816906498212,-20.9687897722673,"2026-06-14",-0.13256,0.3168,323
"2026-09-04",-44.7816906498212,-20.9686999407389,"2026-06-09",-0.140164,0.3963,321
"2026-09-04",-44.7816906498212,-20.9686101092105,"2026-05-29",-0.148809,0.4143,321
"2026-09-04",-44.7816906498212,-20.9685202776821,"2026-05-29",-0.138549,0.4299,323
"2026-09-04",-44.7816906498212,-20.9684304461537,"2026-06-14",-0.130602,0.4044,322
"2026-09-04",-44.7816906498212,-20.9683406146253,"2026-06-14",-0.107192,0.4498,322
"2026-09-04",-44.7816008182928,-20.9705864028356,"2026-01-09",0.015729,0.4614,316
"2026-09-04",-44.7816008182928,-20.9704965713071,"2026-09-02",0.054652,0.5274,316
"2026-09-04",-44.7816008182928,-20.9704067397787,"2026-04-16",0.099187,0.6821,316
"2026-09-04",-44.7816008182928,-20.9703169082503,"2026-04-16",0.069343,0.7102,320
"2026-09-04",-44.7816008182928,-20.9702270767219,"2026-01-09",-0.016159,0.5571,322
"2026-09-04",-44.7816008182928,-20.9699575821367,"2026-06-23",-0.042486,0.5217,320
"2026-09-04",-44.7816008182928,-20.9698677506083,"2026-07-03",-0.03792,0.5453,320
"2026-09-04",-44.7816008182928,-20.9697779190798,"2026-06-28",-0.033488,0.5625,319
"2026-09-04",-44.7816008182928,-20.9696880875514,"2026-07-03",-0.05588,0.541,318
"2026-09-04",-44.7816008182928,-20.969598256023,"2026-06-14",-0.095222,0.5221,319
"2026-09-04",-44.7816008182928,-20.9695084244946,"2026-06-23",-0.103712,0.4827,319
"2026-09-04",-44.7816008182928,-20.9694185929662,"2026-06-23",-0.074548,0.436,320
"2026-09-04",-44.7816008182928,-20.9693287614378,"2026-06-14",-0.095291,0.4464,320
"2026-09-04",-44.7816008182928,-20.9692389299094,"2026-06-14",-0.084434,0.4593,319
"2026-09-04",-44.7816008182928,-20.969149098381,"2026-06-14",-0.087124,0.5165,320
"2026-09-04",-44.7816008182928,-20.9690592668525,"2026-06-09",-0.134452,0.4616,322
"2026-09-04",-44.7816008182928,-20.9689694353241,"2026-06-14",-0.116498,0.4046,322
"2026-09-04",-44.7816008182928,-20.9688796037957,"2026-06-14",-0.106363,0.3735,322
"2026-09-04",-44.7816008182928,-20.9687897722673,"2026-06-14",-0.13813,0.3411,322
"2026-09-04",-44.7816008182928,-20.9686999407389,"2026-06-09",-0.147083,0.4138,322
"2026-09-04",-44.7816008182928,-20.9686101092105,"2026-06-09",-0.150461,0.418,321
"2026-09-04",-44.7816008182928,-20.9685202776821,"2026-06-04",-0.159174,0.3602,323
"2026-09-04",-44.7816008182928,-20.9684304461537,"2026-06-09",-0.152821,0.3966,321
"2026-09-04",-44.7816008182928,-20.9683406146253,"2026-06-09",-0.121932,0.4422,322
"2026-09-04",-44.7816008182928,-20.9682507830968,"2026-06-14",-0.071208,0.4952,323
"2026-09-04",-44.7815109867644,-20.970676234364,"2026-01-09",0.011163,0.4922,315
"2026-09-04",-44.7815109867644,-20.9705864028356,"2026-04-16",0.089451,0.5459,317
"2026-09-04",-44.7815109867644,-20.9704965713071,"2026-02-28",0.114876,0.6256,316
"2026-09-04",-44.7815109867644,-20.9704067397787,"2026-03-16",0.065643,0.6791,316
"2026-09-04",-44.7815109867644,-20.9703169082503,"2026-04-19",0.035785,0.6977,319
"2026-09-04",-44.7815109867644,-20.9697779190798,"2026-07-14",-0.037198,0.549,318
"2026-09-04",-44.7815109867644,-20.969598256023,"2026-06-19",-0.08095,0.5176,318
"2026-09-04",-44.7815109867644,-20.9695084244946,"2026-06-14",-0.109223,0.5111,317
"2026-09-04",-44.7815109867644,-20.9693287614378,"2026-06-28",-0.074402,0.4447,319
"2026-09-04",-44.7815109867644,-20.9692389299094,"2026-06-14",-0.093658,0.4488,317
"2026-09-04",-44.7815109867644,-20.969149098381,"2026-06-14",-0.085781,0.5289,319
"2026-09-04",-44.7815109867644,-20.9690592668525,"2026-06-04",-0.123831,0.4996,320
"2026-09-04",-44.7815109867644,-20.9689694353241,"2026-06-09",-0.134069,0.4315,320
"2026-09-04",-44.7815109867644,-20.9688796037957,"2026-06-14",-0.130107,0.3985,321
"2026-09-04",-44.7815109867644,-20.9687897722673,"2026-06-14",-0.138592,0.4002,321
"2026-09-04",-44.7815109867644,-20.9686999407389,"2026-06-09",-0.147988,0.3983,320
"2026-09-04",-44.7815109867644,-20.9686101092105,"2026-06-19",-0.141508,0.336,321
"2026-09-04",-44.7815109867644,-20.9685202776821,"2026-06-09",-0.162125,0.3654,321
"2026-09-04",-44.7815109867644,-20.9684304461537,"2026-06-04",-0.172003,0.3828,321
"2026-09-04",-44.7815109867644,-20.9683406146253,"2026-06-04",-0.136535,0.4228,322
"2026-09-04",-44.7815109867644,-20.9682507830968,"2026-06-14",-0.098684,0.4522,324
"2026-09-04",-44.781421155236,-20.9707660658924,"2026-01-09",0.006935,0.4631,312
"2026-09-04",-44.781421155236,-20.970676234364,"2026-04-25",0.08339,0.5685,314
"2026-09-04",-44.781421155236,-20.9705864028356,"2026-03-16",0.16802,0.6981,316
"2026-09-04",-44.781421155236,-20.9704965713071,"2026-02-28",0.165586,0.7536,316
"2026-09-04",-44.781421155236,-20.9704067397787,"2026-03-16",0.119155,0.7556,318
"2026-09-04",-44.781421155236,-20.9703169082503,"2026-04-25",0.0578,0.7398,318
"2026-09-04",-44.781421155236,-20.9701372451935,"2026-08-28",0.036316,0.6472,320
"2026-09-04",-44.781421155236,-20.9696880875514,"2026-06-23",-0.026506,0.5554,316
"2026-09-04",-44.781421155236,-20.969598256023,"2026-06-19",-0.05078,0.5381,316
"2026-09-04",-44.781421155236,-20.9695084244946,"2026-06-19",-0.084632,0.5117,316
"2026-09-04",-44.781421155236,-20.9694185929662,"2026-06-19",-0.077021,0.5281,315
"2026-09-04",-44.781421155236,-20.9693287614378,"2026-07-03",-0.047645,0.4229,316
"2026-09-04",-44.781421155236,-20.9692389299094,"2026-06-19",-0.078689,0.4317,316
"2026-09-04",-44.781421155236,-20.969149098381,"2026-06-23",-0.061755,0.4301,317
"2026-09-04",-44.781421155236,-20.9690592668525,"2026-06-14",-0.088002,0.5025,319
"2026-09-04",-44.781421155236,-20.9689694353241,"2026-06-04",-0.134777,0.4565,320
"2026-09-04",-44.781421155236,-20.9688796037957,"2026-06-09",-0.119461,0.4063,321
"2026-09-04",-44.781421155236,-20.9687897722673,"2026-06-14",-0.128806,0.4153,320
"2026-09-04",-44.781421155236,-20.9686999407389,"2026-06-14",-0.131998,0.3082,321
"2026-09-04",-44.781421155236,-20.9686101092105,"2026-06-23",-0.151704,0.3108,322
"2026-09-04",-44.781421155236,-20.9685202776821,"2026-06-09",-0.174043,0.3577,320
"2026-09-04",-44.781421155236,-20.9684304461537,"2026-05-29",-0.187004,0.3758,321
"2026-09-04",-44.781421155236,-20.9683406146253,"2026-06-04",-0.163122,0.4147,322
"2026-09-04",-44.781421155236,-20.9682507830968,"2026-06-09",-0.116692,0.4166,322
"2026-09-04",-44.781421155236,-20.9681609515684,"2026-06-14",-0.043418,0.4617,322
"2026-09-04",-44.781421155236,-20.9675321308695,"2026-02-28",-0.004103,0.5515,327
"2026-09-04",-44.781421155236,-20.9674422993411,"2026-04-16",-0.019828,0.5435,328
"2026-09-04",-44.781421155236,-20.9671728047559,"2026-05-26",-0.096182,0.4649,331
"2026-09-04",-44.781421155236,-20.9670829732275,"2026-05-26",-0.183478,0.4252,331
"2026-09-04",-44.7813313237076,-20.9708558974208,"2026-01-09",0.000318,0.501,312
"2026-09-04",-44.7813313237076,-20.9707660658924,"2026-04-30",0.023301,0.5819,313
"2026-09-04",-44.7813313237076,-20.970676234364,"2026-03-05",0.150647,0.6855,315
"2026-09-04",-44.7813313237076,-20.9705864028356,"2026-03-05",0.180158,0.761,317
"2026-09-04",-44.7813313237076,-20.9704965713071,"2026-03-05",0.168269,0.7709,318
"2026-09-04",-44.7813313237076,-20.9704067397787,"2026-03-16",0.140563,0.7471,318
"2026-09-04",-44.7813313237076,-20.9703169082503,"2026-04-30",0.042742,0.7242,318
"2026-09-04",-44.7813313237076,-20.9702270767219,"2026-08-17",0.068566,0.5965,318
"2026-09-04",-44.7813313237076,-20.9694185929662,"2026-06-23",-0.055298,0.5475,315
"2026-09-04",-44.7813313237076,-20.9693287614378,"2026-06-23",-0.060834,0.5571,316
"2026-09-04",-44.7813313237076,-20.9692389299094,"2026-06-28",-0.054095,0.4486,316
"2026-09-04",-44.7813313237076,-20.969149098381,"2026-07-14",-0.061588,0.4158,319
"2026-09-04",-44.7813313237076,-20.9690592668525,"2026-07-14",-0.048326,0.3846,320
"2026-09-04",-44.7813313237076,-20.9689694353241,"2026-06-14",-0.112559,0.4552,321
"2026-09-04",-44.7813313237076,-20.9688796037957,"2026-06-09",-0.125005,0.4194,321
"2026-09-04",-44.7813313237076,-20.9687897722673,"2026-06-14",-0.122767,0.3603,321
"2026-09-04",-44.7813313237076,-20.9686999407389,"2026-06-14",-0.139094,0.3415,322
"2026-09-04",-44.7813313237076,-20.9686101092105,"2026-06-19",-0.148981,0.3238,321
"2026-09-04",-44.7813313237076,-20.9685202776821,"2026-06-09",-0.1585,0.36,318
"2026-09-04",-44.7813313237076,-20.9684304461537,"2026-06-04",-0.153244,0.3832,319
"2026-09-04",-44.7813313237076,-20.9683406146253,"2026-05-29",-0.1624,0.4038,321
"2026-09-04",-44.7813313237076,-20.9682507830968,"2026-05-29",-0.13462,0.4162,323
"2026-09-04",-44.7813313237076,-20.9681609515684,"2026-05-29",-0.08652,0.4442,323
"2026-09-04",-44.7813313237076,-20.96807112004,"2026-06-14",-0.020833,0.4313,323
"2026-09-04",-44.7813313237076,-20.967621962398,"2026-04-30",-0.02407,0.4653,326
"2026-09-04",-44.7813313237076,-20.9675321308695,"2026-02-28",-0.010898,0.5023,327
"2026-09-04",-44.7813313237076,-20.9671728047559,"2026-05-09",-0.142338,0.4713,333
"2026-09-04",-44.7813313237076,-20.9670829732275,"2026-05-09",-0.177211,0.4054,332
"2026-09-04",-44.7812414921792,-20.9709457289492,"2026-01-09",0.00119,0.4416,310
"2026-09-04",-44.7812414921792,-20.9708558974208,"2026-01-09",0.000318,0.501,312
"2026-09-04",-44.7812414921792,-20.9707660658924,"2026-04-30",0.023301,0.5819,313
"2026-09-04",-44.7812414921792,-20.970676234364,"2026-03-05",0.150647,0.6855,315
"2026-09-04",-44.7812414921792,-20.9705864028356,"2026-03-05",0.180158,0.761,317
"2026-09-04",-44.7812414921792,-20.9704965713071,"2026-03-05",0.168269,0.7709,318
"2026-09-04",-44.7812414921792,-20.9704067397787,"2026-03-16",0.140563,0.7471,318
"2026-09-04",-44.7812414921792,-20.9703169082503,"2026-04-30",0.042742,0.7242,318
"2026-09-04",-44.7812414921792,-20.9702270767219,"2026-08-17",0.068566,0.5965,318
"2026-09-04",-44.7812414921792,-20.9694185929662,"2026-06-23",-0.055298,0.5475,315
"2026-09-04",-44.7812414921792,-20.9693287614378,"2026-06-23",-0.060834,0.5571,316
"2026-09-04",-44.7812414921792,-20.9689694353241,"2026-06-28",-0.072393,0.4663,320
"2026-09-04",-44.7812414921792,-20.9688796037957,"2026-06-04",-0.137546,0.4743,321
"2026-09-04",-44.7812414921792,-20.9687897722673,"2026-06-09",-0.123738,0.4109,320
"2026-09-04",-44.7812414921792,-20.9686999407389,"2026-06-09",-0.138596,0.3904,322
"2026-09-04",-44.7812414921792,-20.9686101092105,"2026-06-09",-0.132288,0.3588,322
"2026-09-04",-44.7812414921792,-20.9685202776821,"2026-06-09",-0.14854,0.3735,317
"2026-09-04",-44.7812414921792,-20.9684304461537,"2026-06-04",-0.14818,0.3969,318
"2026-09-04",-44.7812414921792,-20.9683406146253,"2026-06-04",-0.145899,0.4204,319
"2026-09-04",-44.7812414921792,-20.9682507830968,"2026-06-04",-0.135917,0.4228,323
"2026-09-04",-44.7812414921792,-20.9681609515684,"2026-05-29",-0.11747,0.42,324
"2026-09-04",-44.7812414921792,-20.96807112004,"2026-06-09",-0.058543,0.4572,324
"2026-09-04",-44.7812414921792,-20.9675321308695,"2026-03-05",-0.018748,0.4923,328
"2026-09-04",-44.7812414921792,-20.9674422993411,"2026-04-25",-0.022974,0.5263,329
"2026-09-04",-44.7812414921792,-20.9671728047559,"2026-05-09",-0.175449,0.4437,333
"2026-09-04",-44.7812414921792,-20.9670829732275,"2026-05-26",-0.17759,0.3893,333
"2026-09-04",-44.7811516606508,-20.9709457289492,"2026-01-09",0.000505,0.5027,312
"2026-09-04",-44.7811516606508,-20.9708558974208,"2026-05-05",-0.003235,0.6174,312
"2026-09-04",-44.7811516606508,-20.9707660658924,"2026-04-16",0.110087,0.6948,313
"2026-09-04",-44.7811516606508,-20.970676234364,"2026-02-28",0.176201,0.772,314
"2026-09-04",-44.7811516606508,-20.9705864028356,"2026-03-05",0.178897,0.7893,318
"2026-09-04",-44.7811516606508,-20.9704965713071,"2026-03-05",0.166564,0.8165,319
"2026-09-04",-44.7811516606508,-20.9704067397787,"2026-02-28",0.133576,0.7327,318
"2026-09-04",-44.7811516606508,-20.9703169082503,"2026-05-05",0.013057,0.6905,317
"2026-09-04",-44.7811516606508,-20.9689694353241,"2026-06-28",-0.072393,0.4663,320
"2026-09-04",-44.7811516606508,-20.9688796037957,"2026-06-04",-0.137546,0.4743,321
"2026-09-04",-44.7811516606508,-20.9687897722673,"2026-06-09",-0.123738,0.4109,320
"2026-09-04",-44.7811516606508,-20.9686999407389,"2026-06-09",-0.138596,0.3904,322
"2026-09-04",-44.7811516606508,-20.9686101092105,"2026-06-09",-0.132288,0.3588,322
"2026-09-04",-44.7811516606508,-20.9685202776821,"2026-06-09",-0.14854,0.3735,317
"2026-09-04",-44.7811516606508,-20.9684304461537,"2026-06-04",-0.14818,0.3969,318
"2026-09-04",-44.7811516606508,-20.9683406146253,"2026-06-04",-0.145899,0.4204,319
"2026-09-04",-44.7811516606508,-20.9682507830968,"2026-06-04",-0.135917,0.4228,323
"2026-09-04",-44.7811516606508,-20.9681609515684,"2026-05-29",-0.11747,0.42,324
"2026-09-04",-44.7811516606508,-20.96807112004,"2026-06-09",-0.058543,0.4572,324
"2026-09-04",-44.7811516606508,-20.9675321308695,"2026-03-05",-0.018748,0.4923,328
"2026-09-04",-44.7811516606508,-20.9674422993411,"2026-04-25",-0.022974,0.5263,329
"2026-09-04",-44.7811516606508,-20.9673524678127,"2026-04-25",-0.022974,0.5263,329
"2026-09-04",-44.7811516606508,-20.9671728047559,"2026-05-09",-0.175449,0.4437,333
"2026-09-04",-44.7811516606508,-20.9670829732275,"2026-05-26",-0.17759,0.3893,333
"2026-09-04",-44.7810618291224,-20.9709457289492,"2026-01-09",0.028784,0.6086,313
"2026-09-04",-44.7810618291224,-20.9708558974208,"2026-04-16",0.128076,0.7135,314
"2026-09-04",-44.7810618291224,-20.9707660658924,"2026-02-28",0.170488,0.7761,314
"2026-09-04",-44.7810618291224,-20.970676234364,"2026-03-05",0.15594,0.8024,315
"2026-09-04",-44.7810618291224,-20.9705864028356,"2026-03-05",0.135326,0.7933,316
"2026-09-04",-44.7810618291224,-20.9704965713071,"2026-03-05",0.124024,0.8053,318
"2026-09-04",-44.7810618291224,-20.9704067397787,"2026-04-16",0.09978,0.7495,316
"2026-09-04",-44.7810618291224,-20.9689694353241,"2026-07-03",-0.050975,0.5665,322
"2026-09-04",-44.7810618291224,-20.9688796037957,"2026-06-09",-0.108618,0.5356,322
"2026-09-04",-44.7810618291224,-20.9687897722673,"2026-06-09",-0.113327,0.4781,321
"2026-09-04",-44.7810618291224,-20.9686999407389,"2026-06-14",-0.119134,0.4367,321
"2026-09-04",-44.7810618291224,-20.9686101092105,"2026-06-14",-0.121654,0.397,322
"2026-09-04",-44.7810618291224,-20.9685202776821,"2026-06-09",-0.146,0.3609,318
"2026-09-04",-44.7810618291224,-20.9684304461537,"2026-06-04",-0.142227,0.4015,318
"2026-09-04",-44.7810618291224,-20.9683406146253,"2026-06-04",-0.133282,0.4313,321
"2026-09-04",-44.7810618291224,-20.9682507830968,"2026-05-29",-0.133808,0.4321,323
"2026-09-04",-44.7810618291224,-20.9681609515684,"2026-05-29",-0.133174,0.4193,323
"2026-09-04",-44.7810618291224,-20.96807112004,"2026-06-04",-0.111169,0.3883,323
"2026-09-04",-44.7810618291224,-20.9679812885116,"2026-07-03",-0.045023,0.4049,323
"2026-09-04",-44.7810618291224,-20.9672626362843,"2026-06-23",-0.084638,0.484,333
"2026-09-04",-44.7810618291224,-20.9671728047559,"2026-05-29",-0.191198,0.38,334
"2026-09-04",-44.7809719975939,-20.9712152235344,"2026-01-09",-0.026261,0.5147,313
"2026-09-04",-44.7809719975939,-20.971125392006,"2026-01-09",-0.018951,0.4793,313
"2026-09-04",-44.7809719975939,-20.9710355604776,"2026-01-09",0.022772,0.5656,314
"2026-09-04",-44.7809719975939,-20.9709457289492,"2026-04-16",0.125614,0.6727,316
"2026-09-04",-44.7809719975939,-20.9708558974208,"2026-03-05",0.184628,0.7597,316
"2026-09-04",-44.7809719975939,-20.9707660658924,"2026-02-28",0.143516,0.8086,317
"2026-09-04",-44.7809719975939,-20.970676234364,"2026-03-05",0.115662,0.8079,316
"2026-09-04",-44.7809719975939,-20.9705864028356,"2026-03-05",0.102295,0.808,317
"2026-09-04",-44.7809719975939,-20.9704965713071,"2026-03-05",0.076822,0.7962,320
"2026-09-04",-44.7809719975939,-20.9704067397787,"2026-04-25",0.070612,0.7042,320
"2026-09-04",-44.7809719975939,-20.9686999407389,"2026-07-14",-0.052317,0.5719,322
"2026-09-04",-44.7809719975939,-20.9686101092105,"2026-06-23",-0.06473,0.5391,320
"2026-09-04",-44.7809719975939,-20.9685202776821,"2026-06-09",-0.114493,0.4404,320
"2026-09-04",-44.7809719975939,-20.9684304461537,"2026-06-09",-0.132489,0.427,320
"2026-09-04",-44.7809719975939,-20.9683406146253,"2026-06-09",-0.143918,0.4234,321
"2026-09-04",-44.7809719975939,-20.9682507830968,"2026-06-09",-0.162391,0.403,323
"2026-09-04",-44.7809719975939,-20.9681609515684,"2026-05-29",-0.157595,0.4049,324
"2026-09-04",-44.7809719975939,-20.96807112004,"2026-06-09",-0.138918,0.3852,322
"2026-09-04",-44.7809719975939,-20.9679812885116,"2026-06-14",-0.077477,0.4264,321
"2026-09-04",-44.7809719975939,-20.9678914569832,"2026-06-28",-0.023799,0.4611,319
"2026-09-04",-44.7809719975939,-20.9678016254548,"2026-06-14",-0.040913,0.5006,320
"2026-09-04",-44.7809719975939,-20.9672626362843,"2026-06-28",-0.108012,0.4383,335
"2026-09-04",-44.7809719975939,-20.9671728047559,"2026-06-04",-0.16334,0.3988,335
"2026-09-04",-44.7808821660655,-20.9714847181197,"2026-01-14",-0.039402,0.5584,308
"2026-09-04",-44.7808821660655,-20.9713948865913,"2026-01-09",-0.038149,0.5236,308
"2026-09-04",-44.7808821660655,-20.9713050550628,"2026-01-09",-0.03494,0.5609,312
"2026-09-04",-44.7808821660655,-20.9712152235344,"2026-01-09",-0.026306,0.5234,313
"2026-09-04",-44.7808821660655,-20.971125392006,"2026-01-09",0.00299,0.5505,313
"2026-09-04",-44.7808821660655,-20.9710355604776,"2026-04-16",0.099492,0.6437,314
"2026-09-04",-44.7808821660655,-20.9709457289492,"2026-03-05",0.199864,0.7231,316
"2026-09-04",-44.7808821660655,-20.9708558974208,"2026-03-05",0.175798,0.7853,316
"2026-09-04",-44.7808821660655,-20.9707660658924,"2026-03-05",0.178718,0.7868,317
"2026-09-04",-44.7808821660655,-20.970676234364,"2026-03-05",0.144827,0.8161,319
"2026-09-04",-44.7808821660655,-20.9705864028356,"2026-03-16",0.069208,0.8277,318
"2026-09-04",-44.7808821660655,-20.9704965713071,"2026-03-05",0.052373,0.7676,319
"2026-09-04",-44.7808821660655,-20.9704067397787,"2026-05-09",0.012432,0.6115,319
"2026-09-04",-44.7808821660655,-20.9683406146253,"2026-06-28",-0.051911,0.5815,320
"2026-09-04",-44.7808821660655,-20.9682507830968,"2026-06-23",-0.085868,0.5309,321
"2026-09-04",-44.7808821660655,-20.9681609515684,"2026-06-14",-0.104509,0.4808,321
"2026-09-04",-44.7808821660655,-20.96807112004,"2026-06-09",-0.12671,0.4313,320
"2026-09-04",-44.7808821660655,-20.9679812885116,"2026-06-14",-0.097746,0.4582,319
"2026-09-04",-44.7808821660655,-20.9678914569832,"2026-06-23",-0.025709,0.4738,319
"2026-09-04",-44.7808821660655,-20.9678016254548,"2026-06-23",-0.007174,0.4918,322
"2026-09-04",-44.7808821660655,-20.9672626362843,"2026-06-04",-0.142529,0.4362,334
"2026-09-04",-44.7808821660655,-20.9671728047559,"2026-06-04",-0.162106,0.4161,334
"2026-09-04",-44.7807923345371,-20.9713948865913,"2026-01-09",-0.037616,0.4927,309
"2026-09-04",-44.7807923345371,-20.9713050550628,"2026-01-09",-0.025295,0.4628,310
"2026-09-04",-44.7807923345371,-20.9712152235344,"2026-01-09",-0.000779,0.4944,313
"2026-09-04",-44.7807923345371,-20.971125392006,"2026-04-16",0.074437,0.6337,313
"2026-09-04",-44.7807923345371,-20.9710355604776,"2026-03-16",0.165078,0.7239,315
"2026-09-04",-44.7807923345371,-20.9709457289492,"2026-03-05",0.193993,0.7542,317
"2026-09-04",-44.7807923345371,-20.9708558974208,"2026-03-05",0.126654,0.7654,317
"2026-09-04",-44.7807923345371,-20.9707660658924,"2026-03-05",0.175108,0.7913,317
"2026-09-04",-44.7807923345371,-20.970676234364,"2026-03-05",0.136721,0.8106,317
"2026-09-04",-44.7807923345371,-20.9705864028356,"2026-03-05",0.070581,0.784,317
"2026-09-04",-44.7807923345371,-20.9704965713071,"2026-04-16",0.065735,0.7284,317
"2026-09-04",-44.7807923345371,-20.9679812885116,"2026-06-19",-0.047763,0.5272,321
"2026-09-04",-44.7807923345371,-20.9675321308695,"2026-06-14",-0.044416,0.5236,328
"2026-09-04",-44.7807923345371,-20.9674422993411,"2026-06-04",-0.113939,0.5067,330
"2026-09-04",-44.7807923345371,-20.9673524678127,"2026-06-04",-0.113939,0.5067,330
"2026-09-04",-44.7807923345371,-20.9672626362843,"2026-05-29",-0.170259,0.4043,332
"2026-09-04",-44.7807025030087,-20.9713948865913,"2026-01-09",-0.036208,0.4713,311
"2026-09-04",-44.7807025030087,-20.9713050550628,"2026-01-09",-0.013835,0.4817,310
"2026-09-04",-44.7807025030087,-20.9712152235344,"2026-04-16",0.035665,0.5261,312
"2026-09-04",-44.7807025030087,-20.971125392006,"2026-03-05",0.127957,0.676,314
"2026-09-04",-44.7807025030087,-20.9710355604776,"2026-02-28",0.173688,0.784,315
"2026-09-04",-44.7807025030087,-20.9709457289492,"2026-03-05",0.15282,0.7886,315
"2026-09-04",-44.7807025030087,-20.9708558974208,"2026-03-05",0.149938,0.7906,314
"2026-09-04",-44.7807025030087,-20.9707660658924,"2026-02-28",0.128179,0.7849,314
"2026-09-04",-44.7807025030087,-20.970676234364,"2026-03-05",0.059733,0.8197,316
"2026-09-04",-44.7807025030087,-20.9705864028356,"2026-02-28",0.016166,0.7712,316
"2026-09-04",-44.7807025030087,-20.9704965713071,"2026-04-25",0.029974,0.6991,318
"2026-09-04",-44.7807025030087,-20.9685202776821,"2026-08-22",0.131878,0.412,324
"2026-09-04",-44.7807025030087,-20.9684304461537,"2026-08-28",0.123398,0.4164,320
"2026-09-04",-44.7807025030087,-20.9683406146253,"2026-09-03",0.123411,0.3782,321
"2026-09-04",-44.7807025030087,-20.9682507830968,"2026-08-17",0.139301,0.3797,321
"2026-09-04",-44.7807025030087,-20.9681609515684,"2026-08-07",0.124697,0.4031,319
"2026-09-04",-44.7807025030087,-20.9675321308695,"2026-06-23",-0.041484,0.5285,327
"2026-09-04",-44.7807025030087,-20.9674422993411,"2026-06-23",-0.041484,0.5285,327
"2026-09-04",-44.7807025030087,-20.9673524678127,"2026-06-09",-0.133073,0.4464,331
"2026-09-04",-44.7807025030087,-20.9672626362843,"2026-06-23",-0.191392,0.373,331
"2026-09-04",-44.7806126714803,-20.9713948865913,"2026-01-09",-0.017603,0.4701,310
"2026-09-04",-44.7806126714803,-20.9713050550628,"2026-04-25",0.014063,0.5308,313
"2026-09-04",-44.7806126714803,-20.9712152235344,"2026-03-16",0.098018,0.6219,312
"2026-09-04",-44.7806126714803,-20.971125392006,"2026-03-05",0.131492,0.7564,312
"2026-09-04",-44.7806126714803,-20.9710355604776,"2026-02-28",0.134654,0.8084,312
"2026-09-04",-44.7806126714803,-20.9709457289492,"2026-02-28",0.121838,0.7756,313
"2026-09-04",-44.7806126714803,-20.9708558974208,"2026-02-28",0.12938,0.8025,313
"2026-09-04",-44.7806126714803,-20.9707660658924,"2026-02-28",0.116062,0.7899,313
"2026-09-04",-44.7806126714803,-20.970676234364,"2026-02-28",0.032934,0.8073,314
"2026-09-04",-44.7806126714803,-20.9705864028356,"2026-02-28",-0.004952,0.7836,316
"2026-09-04",-44.7806126714803,-20.9704965713071,"2026-01-09",0.012429,0.649,315
"2026-09-04",-44.7806126714803,-20.9685202776821,"2026-08-12",0.146173,0.3903,323
"2026-09-04",-44.7806126714803,-20.9684304461537,"2026-08-22",0.142676,0.3946,320
"2026-09-04",-44.7806126714803,-20.9683406146253,"2026-08-28",0.142006,0.356,321
"2026-09-04",-44.7806126714803,-20.9682507830968,"2026-08-12",0.159678,0.3702,319
"2026-09-04",-44.7806126714803,-20.9681609515684,"2026-08-02",0.1605,0.3271,318
"2026-09-04",-44.7806126714803,-20.96807112004,"2026-08-17",0.115097,0.3461,322
"2026-09-04",-44.7806126714803,-20.9679812885116,"2026-07-19",0.058065,0.548,324
"2026-09-04",-44.7806126714803,-20.9678016254548,"2026-08-02",0.028245,0.6197,325
"2026-09-04",-44.7806126714803,-20.9677117939264,"2026-07-08",0.058351,0.5057,326
"2026-09-04",-44.7806126714803,-20.967621962398,"2026-07-25",0.063891,0.483,326
"2026-09-04",-44.7806126714803,-20.9673524678127,"2026-06-23",-0.0725,0.5169,331
"2026-09-04",-44.7805228399519,-20.9713050550628,"2026-03-16",0.114764,0.6329,311
"2026-09-04",-44.7805228399519,-20.9712152235344,"2026-03-05",0.138128,0.7222,313
"2026-09-04",-44.7805228399519,-20.971125392006,"2026-03-05",0.130424,0.766,312
"2026-09-04",-44.7805228399519,-20.9710355604776,"2026-02-28",0.098079,0.8027,314
"2026-09-04",-44.7805228399519,-20.9709457289492,"2026-02-28",0.093478,0.7817,312
"2026-09-04",-44.7805228399519,-20.9708558974208,"2026-02-28",0.09867,0.8016,312
"2026-09-04",-44.7805228399519,-20.9707660658924,"2026-02-28",0.101457,0.7742,314
"2026-09-04",-44.7805228399519,-20.970676234364,"2026-02-28",0.059889,0.7924,315
"2026-09-04",-44.7805228399519,-20.9705864028356,"2026-04-16",0.001093,0.7465,314
"2026-09-04",-44.7805228399519,-20.9685202776821,"2026-08-28",0.135278,0.4385,321
"2026-09-04",-44.7805228399519,-20.9684304461537,"2026-08-12",0.15555,0.3924,321
"2026-09-04",-44.7805228399519,-20.9683406146253,"2026-08-07",0.161813,0.3536,320
"2026-09-04",-44.7805228399519,-20.9682507830968,"2026-07-19",0.17303,0.372,320
"2026-09-04",-44.7805228399519,-20.9681609515684,"2026-07-14",0.154128,0.4044,322
"2026-09-04",-44.7805228399519,-20.96807112004,"2026-07-14",0.091981,0.4396,323
"2026-09-04",-44.7805228399519,-20.9679812885116,"2026-07-25",0.048196,0.6029,323
"2026-09-04",-44.7805228399519,-20.9673524678127,"2026-07-29",0.068825,0.6061,331
"2026-09-04",-44.7804330084235,-20.9713050550628,"2026-03-05",0.125859,0.6565,312
"2026-09-04",-44.7804330084235,-20.9712152235344,"2026-03-05",0.155528,0.7422,312
"2026-09-04",-44.7804330084235,-20.971125392006,"2026-03-05",0.103509,0.793,312
"2026-09-04",-44.7804330084235,-20.9710355604776,"2026-02-28",0.118017,0.7834,312
"2026-09-04",-44.7804330084235,-20.9709457289492,"2026-02-28",0.131514,0.7814,313
"2026-09-04",-44.7804330084235,-20.9708558974208,"2026-02-28",0.073475,0.7759,313
"2026-09-04",-44.7804330084235,-20.9707660658924,"2026-02-28",0.06071,0.769,314
"2026-09-04",-44.7804330084235,-20.970676234364,"2026-03-05",0.0563,0.7544,313
"2026-09-04",-44.7804330084235,-20.9705864028356,"2026-05-09",-0.00221,0.6486,314
"2026-09-04",-44.7804330084235,-20.9686101092105,"2026-09-03",0.09735,0.4493,321
"2026-09-04",-44.7804330084235,-20.9685202776821,"2026-08-17",0.147447,0.4312,322
"2026-09-04",-44.7804330084235,-20.9684304461537,"2026-08-12",0.15447,0.402,322
"2026-09-04",-44.7804330084235,-20.9683406146253,"2026-08-07",0.146977,0.3692,321
"2026-09-04",-44.7804330084235,-20.9682507830968,"2026-07-14",0.175385,0.3917,322
"2026-09-04",-44.7804330084235,-20.9681609515684,"2026-07-03",0.151603,0.3932,321
"2026-09-04",-44.7804330084235,-20.96807112004,"2026-07-19",0.062698,0.5488,322
"2026-09-04",-44.7804330084235,-20.9679812885116,"2026-07-24",0.038591,0.6402,323
"2026-09-04",-44.7804330084235,-20.9678914569832,"2026-07-25",0.060412,0.5912,324
"2026-09-04",-44.7804330084235,-20.9678016254548,"2026-06-28",0.140115,0.4706,324
"2026-09-04",-44.7804330084235,-20.9673524678127,"2026-08-02",0.089504,0.5832,329
"2026-09-04",-44.7803431768951,-20.9712152235344,"2026-03-05",0.109333,0.7352,311
"2026-09-04",-44.7803431768951,-20.971125392006,"2026-03-05",0.091573,0.7792,311
"2026-09-04",-44.7803431768951,-20.9710355604776,"2026-02-28",0.086836,0.786,311
"2026-09-04",-44.7803431768951,-20.9709457289492,"2026-02-28",0.069041,0.7682,313
"2026-09-04",-44.7803431768951,-20.9708558974208,"2026-02-28",0.024776,0.7724,314
"2026-09-04",-44.7803431768951,-20.9707660658924,"2026-03-05",0.054479,0.7912,313
"2026-09-04",-44.7803431768951,-20.970676234364,"2026-03-21",0.067634,0.7433,312
"2026-09-04",-44.7803431768951,-20.9686999407389,"2026-09-03",0.133239,0.4252,321
"2026-09-04",-44.7803431768951,-20.9686101092105,"2026-09-03",0.097045,0.4209,321
"2026-09-04",-44.7803431768951,-20.9685202776821,"2026-08-14",0.150172,0.4093,322
"2026-09-04",-44.7803431768951,-20.9684304461537,"2026-07-29",0.156583,0.3864,323
"2026-09-04",-44.7803431768951,-20.9683406146253,"2026-08-17",0.139178,0.3776,321
"2026-09-04",-44.7803431768951,-20.9682507830968,"2026-07-14",0.154186,0.3735,323
"2026-09-04",-44.7803431768951,-20.9681609515684,"2026-07-08",0.121131,0.3704,321
"2026-09-04",-44.7803431768951,-20.96807112004,"2026-07-29",0.040382,0.6096,322
"2026-09-04",-44.7803431768951,-20.9679812885116,"2026-07-25",0.049623,0.6326,322
"2026-09-04",-44.7803431768951,-20.9678914569832,"2026-07-14",0.09746,0.5436,323
"2026-09-04",-44.7803431768951,-20.9675321308695,"2026-06-04",0.166544,0.5496,325
"2026-09-04",-44.7803431768951,-20.9674422993411,"2026-06-04",0.166544,0.5496,325
"2026-09-04",-44.7802533453666,-20.971125392006,"2026-03-05",0.02618,0.7602,312
"2026-09-04",-44.7802533453666,-20.9710355604776,"2026-02-28",-0.001706,0.7712,313
"2026-09-04",-44.7802533453666,-20.9709457289492,"2026-02-28",-0.031001,0.7765,313
"2026-09-04",-44.7802533453666,-20.9708558974208,"2026-03-05",0.016085,0.7831,313
"2026-09-04",-44.7802533453666,-20.9707660658924,"2026-03-05",0.07723,0.8039,312
"2026-09-04",-44.7802533453666,-20.970676234364,"2026-04-25",0.043711,0.7193,311
"2026-09-04",-44.7802533453666,-20.9687897722673,"2026-09-02",0.138028,0.4585,318
"2026-09-04",-44.7802533453666,-20.9686999407389,"2026-09-02",0.14,0.4443,321
"2026-09-04",-44.7802533453666,-20.9686101092105,"2026-09-03",0.121377,0.4141,320
"2026-09-04",-44.7802533453666,-20.9685202776821,"2026-08-12",0.1304,0.3973,320
"2026-09-04",-44.7802533453666,-20.9684304461537,"2026-07-14",0.155644,0.3743,321
"2026-09-04",-44.7802533453666,-20.9683406146253,"2026-07-19",0.153949,0.3646,321
"2026-09-04",-44.7802533453666,-20.9682507830968,"2026-07-14",0.166216,0.3964,322
"2026-09-04",-44.7802533453666,-20.9681609515684,"2026-07-03",0.107047,0.4333,321
"2026-09-04",-44.7802533453666,-20.96807112004,"2026-07-29",0.029985,0.6204,322
"2026-09-04",-44.7802533453666,-20.9679812885116,"2026-07-24",0.074537,0.6028,323
"2026-09-04",-44.7802533453666,-20.9678914569832,"2026-05-29",0.135102,0.528,323
"2026-09-04",-44.7802533453666,-20.9674422993411,"2026-07-29",0.132786,0.566,323
"2026-09-04",-44.7802533453666,-20.9671728047559,"2026-07-29",0.106533,0.6138,331
"2026-09-04",-44.7801635138382,-20.9710355604776,"2026-02-28",-0.044094,0.7722,312
"2026-09-04",-44.7801635138382,-20.9709457289492,"2026-02-28",-0.016662,0.7994,313
"2026-09-04",-44.7801635138382,-20.9708558974208,"2026-03-05",0.044711,0.7945,314
"2026-09-04",-44.7801635138382,-20.9707660658924,"2026-03-21",0.048235,0.8155,312
"2026-09-04",-44.7801635138382,-20.970676234364,"2026-01-09",0.018297,0.6446,311
"2026-09-04",-44.7801635138382,-20.969149098381,"2026-01-09",0.063125,0.5194,313
"2026-09-04",-44.7801635138382,-20.9688796037957,"2026-09-02",0.132528,0.451,317
"2026-09-04",-44.7801635138382,-20.9687897722673,"2026-09-02",0.159614,0.4595,319
"2026-09-04",-44.7801635138382,-20.9686999407389,"2026-09-03",0.134113,0.4499,321
"2026-09-04",-44.7801635138382,-20.9686101092105,"2026-08-28",0.144344,0.4152,322
"2026-09-04",-44.7801635138382,-20.9685202776821,"2026-07-24",0.154898,0.3778,319
"2026-09-04",-44.7801635138382,-20.9684304461537,"2026-07-14",0.155039,0.3802,319
"2026-09-04",-44.7801635138382,-20.9683406146253,"2026-07-14",0.156361,0.3736,322
"2026-09-04",-44.7801635138382,-20.9682507830968,"2026-07-08",0.167827,0.4233,321
"2026-09-04",-44.7801635138382,-20.9681609515684,"2026-07-03",0.097348,0.5001,321
"2026-09-04",-44.7801635138382,-20.96807112004,"2026-07-25",0.026359,0.6397,321
"2026-09-04",-44.7801635138382,-20.9679812885116,"2026-07-19",0.090379,0.5665,322
"2026-09-04",-44.7801635138382,-20.9674422993411,"2026-08-02",0.09845,0.5938,322
"2026-09-04",-44.7801635138382,-20.9671728047559,"2026-08-02",0.094738,0.6181,330
"2026-09-04",-44.7800736823098,-20.9710355604776,"2026-02-28",-0.058894,0.8141,312
"2026-09-04",-44.7800736823098,-20.9709457289492,"2026-03-05",0.024633,0.806,313
"2026-09-04",-44.7800736823098,-20.9708558974208,"2026-03-05",0.030766,0.8207,314
"2026-09-04",-44.7800736823098,-20.9707660658924,"2026-04-16",0.037648,0.7811,313
"2026-09-04",-44.7800736823098,-20.9692389299094,"2026-01-09",0.067943,0.5137,315
"2026-09-04",-44.7800736823098,-20.969149098381,"2026-01-09",0.05362,0.5217,315
"2026-09-04",-44.7800736823098,-20.9690592668525,"2026-01-09",0.053415,0.5191,315
"2026-09-04",-44.7800736823098,-20.9689694353241,"2026-01-09",0.067565,0.546,319
"2026-09-04",-44.7800736823098,-20.9688796037957,"2026-08-14",0.142047,0.4428,320
"2026-09-04",-44.7800736823098,-20.9687897722673,"2026-08-28",0.158765,0.4534,319
"2026-09-04",-44.7800736823098,-20.9686999407389,"2026-09-03",0.146634,0.4527,321
"2026-09-04",-44.7800736823098,-20.9686101092105,"2026-08-28",0.153471,0.4117,321
"2026-09-04",-44.7800736823098,-20.9685202776821,"2026-07-29",0.15823,0.3837,321
"2026-09-04",-44.7800736823098,-20.9684304461537,"2026-07-19",0.16233,0.3729,321
"2026-09-04",-44.7800736823098,-20.9683406146253,"2026-07-14",0.158635,0.3571,320
"2026-09-04",-44.7800736823098,-20.9682507830968,"2026-07-08",0.131862,0.4464,321
"2026-09-04",-44.7800736823098,-20.96807112004,"2026-07-24",0.054679,0.659,321
"2026-09-04",-44.7800736823098,-20.9679812885116,"2026-07-14",0.088638,0.5562,319
"2026-09-04",-44.7800736823098,-20.967621962398,"2026-07-24",0.136643,0.5659,320
"2026-09-04",-44.7800736823098,-20.9675321308695,"2026-07-24",0.136643,0.5659,320
"2026-09-04",-44.7800736823098,-20.9671728047559,"2026-08-02",0.109453,0.6117,330
"2026-09-04",-44.7799838507814,-20.9709457289492,"2026-03-05",0.017903,0.8302,314
"2026-09-04",-44.7799838507814,-20.9708558974208,"2026-03-21",0.025338,0.7924,313
"2026-09-04",-44.7799838507814,-20.9707660658924,"2026-01-09",0.025347,0.6059,314
"2026-09-04",-44.7799838507814,-20.9692389299094,"2026-01-09",0.061575,0.5029,315
"2026-09-04",-44.7799838507814,-20.969149098381,"2026-01-09",0.056859,0.506,315
"2026-09-04",-44.7799838507814,-20.9690592668525,"2026-01-09",0.063672,0.5262,315
"2026-09-04",-44.7799838507814,-20.9689694353241,"2026-01-09",0.076331,0.5591,317
"2026-09-04",-44.7799838507814,-20.9688796037957,"2026-08-22",0.164933,0.4296,319
"2026-09-04",-44.7799838507814,-20.9687897722673,"2026-08-28",0.156769,0.4395,319
"2026-09-04",-44.7799838507814,-20.9686101092105,"2026-09-02",0.145089,0.395,320
"2026-09-04",-44.7799838507814,-20.9685202776821,"2026-08-02",0.172399,0.3803,320
"2026-09-04",-44.7799838507814,-20.9684304461537,"2026-07-19",0.180464,0.3669,319
"2026-09-04",-44.7799838507814,-20.9683406146253,"2026-07-14",0.16828,0.3829,319
"2026-09-04",-44.7799838507814,-20.9682507830968,"2026-07-08",0.105022,0.4477,321
"2026-09-04",-44.7799838507814,-20.9681609515684,"2026-07-24",0.05305,0.6671,319
"2026-09-04",-44.7799838507814,-20.96807112004,"2026-07-19",0.065333,0.6414,319
"2026-09-04",-44.7799838507814,-20.9671728047559,"2026-08-07",0.119791,0.6209,330
"2026-09-04",-44.779894019253,-20.9709457289492,"2026-03-05",0.017903,0.8302,314
"2026-09-04",-44.779894019253,-20.9708558974208,"2026-03-21",0.025338,0.7924,313
"2026-09-04",-44.779894019253,-20.9707660658924,"2026-01-09",0.025347,0.6059,314
"2026-09-04",-44.779894019253,-20.9692389299094,"2026-01-09",0.085928,0.5077,313
"2026-09-04",-44.779894019253,-20.969149098381,"2026-01-09",0.074846,0.5098,314
"2026-09-04",-44.779894019253,-20.9690592668525,"2026-01-09",0.063835,0.5185,313
"2026-09-04",-44.779894019253,-20.9689694353241,"2026-01-09",0.085231,0.537,319
"2026-09-04",-44.779894019253,-20.9688796037957,"2026-09-02",0.157335,0.4509,319
"2026-09-04",-44.779894019253,-20.9687897722673,"2026-08-28",0.159104,0.4463,317
"2026-09-04",-44.779894019253,-20.9686999407389,"2026-09-02",0.146779,0.4537,318
"2026-09-04",-44.779894019253,-20.9685202776821,"2026-08-12",0.164075,0.3858,318
"2026-09-04",-44.779894019253,-20.9684304461537,"2026-07-19",0.180962,0.3844,320
"2026-09-04",-44.779894019253,-20.9683406146253,"2026-07-08",0.167222,0.4186,319
"2026-09-04",-44.779894019253,-20.9681609515684,"2026-07-29",0.03636,0.6585,319
"2026-09-04",-44.779894019253,-20.96807112004,"2026-07-14",0.090714,0.5852,319
"2026-09-04",-44.779894019253,-20.9677117939264,"2026-07-08",0.142795,0.5527,319
"2026-09-04",-44.779894019253,-20.967621962398,"2026-07-08",0.142795,0.5527,319
"2026-09-04",-44.779894019253,-20.9672626362843,"2026-08-12",0.094471,0.599,326
"2026-09-04",-44.779894019253,-20.9671728047559,"2026-08-02",0.125117,0.6261,330
"2026-09-04",-44.7798041877246,-20.9708558974208,"2026-01-09",0.014327,0.7035,313
"2026-09-04",-44.7798041877246,-20.9692389299094,"2026-01-09",0.085928,0.5077,313
"2026-09-04",-44.7798041877246,-20.969149098381,"2026-01-09",0.074846,0.5098,314
"2026-09-04",-44.7798041877246,-20.9690592668525,"2026-01-09",0.063835,0.5185,313
"2026-09-04",-44.7798041877246,-20.9689694353241,"2026-01-09",0.085231,0.537,319
"2026-09-04",-44.7798041877246,-20.9688796037957,"2026-09-02",0.157335,0.4509,319
"2026-09-04",-44.7798041877246,-20.9687897722673,"2026-08-28",0.159104,0.4463,317
"2026-09-04",-44.7798041877246,-20.9686999407389,"2026-09-02",0.146779,0.4537,318
"2026-09-04",-44.7798041877246,-20.9685202776821,"2026-08-12",0.164075,0.3858,318
"2026-09-04",-44.7798041877246,-20.9684304461537,"2026-07-19",0.180962,0.3844,320
"2026-09-04",-44.7798041877246,-20.9683406146253,"2026-07-08",0.167222,0.4186,319
"2026-09-04",-44.7798041877246,-20.9681609515684,"2026-07-29",0.03636,0.6585,319
"2026-09-04",-44.7798041877246,-20.96807112004,"2026-07-14",0.090714,0.5852,319
"2026-09-04",-44.7798041877246,-20.9677117939264,"2026-07-08",0.142795,0.5527,319
"2026-09-04",-44.7798041877246,-20.967621962398,"2026-07-08",0.142795,0.5527,319
"2026-09-04",-44.7798041877246,-20.9672626362843,"2026-08-12",0.094471,0.599,326
"2026-09-04",-44.7798041877246,-20.9671728047559,"2026-08-02",0.125117,0.6261,330
"2026-09-04",-44.7797143561962,-20.9708558974208,"2026-01-09",0.009096,0.6304,314
"2026-09-04",-44.7797143561962,-20.9692389299094,"2026-01-09",0.077311,0.5181,315
"2026-09-04",-44.7797143561962,-20.969149098381,"2026-01-09",0.090323,0.5243,314
"2026-09-04",-44.7797143561962,-20.9690592668525,"2026-01-09",0.087036,0.5341,315
"2026-09-04",-44.7797143561962,-20.9686999407389,"2026-08-17",0.172093,0.4374,316
"2026-09-04",-44.7797143561962,-20.9686101092105,"2026-09-02",0.131531,0.3811,317
"2026-09-04",-44.7797143561962,-20.9685202776821,"2026-08-17",0.159512,0.3969,317
"2026-09-04",-44.7797143561962,-20.9684304461537,"2026-08-02",0.168831,0.3889,318
"2026-09-04",-44.7797143561962,-20.9683406146253,"2026-07-03",0.14225,0.5002,319
"2026-09-04",-44.7797143561962,-20.9682507830968,"2026-07-24",0.057666,0.6103,317
"2026-09-04",-44.7797143561962,-20.9681609515684,"2026-07-24",0.051111,0.5968,317
"2026-09-04",-44.7797143561962,-20.96807112004,"2026-06-04",0.130085,0.5203,319
"2026-09-04",-44.7797143561962,-20.9677117939264,"2026-08-07",0.113415,0.5665,321
"2026-09-04",-44.7797143561962,-20.967621962398,"2026-08-07",0.113415,0.5665,321
"2026-09-04",-44.7797143561962,-20.9672626362843,"2026-08-12",0.104347,0.6147,327
"2026-09-04",-44.7797143561962,-20.9671728047559,"2026-08-07",0.129292,0.5946,327
"2026-09-04",-44.7797143561962,-20.9670829732275,"2026-08-14",0.106446,0.6099,329
"2026-09-04",-44.7796245246678,-20.9690592668525,"2026-01-09",0.084485,0.5281,314
"2026-09-04",-44.7796245246678,-20.9686999407389,"2026-09-02",0.142132,0.4241,315
"2026-09-04",-44.7796245246678,-20.9686101092105,"2026-09-03",0.135456,0.3673,315
"2026-09-04",-44.7796245246678,-20.9685202776821,"2026-09-02",0.138039,0.3875,317
"2026-09-04",-44.7796245246678,-20.9684304461537,"2026-08-12",0.137809,0.3803,317
"2026-09-04",-44.7796245246678,-20.9683406146253,"2026-07-08",0.101273,0.5144,319
"2026-09-04",-44.7796245246678,-20.9682507830968,"2026-07-29",0.039749,0.6536,318
"2026-09-04",-44.7796245246678,-20.9681609515684,"2026-07-19",0.060392,0.5782,317
"2026-09-04",-44.7796245246678,-20.9678016254548,"2026-06-04",0.15655,0.5001,319
"2026-09-04",-44.7796245246678,-20.9672626362843,"2026-08-12",0.108446,0.6375,327
"2026-09-04",-44.7796245246678,-20.9671728047559,"2026-08-12",0.122907,0.6148,327
"2026-09-04",-44.7796245246678,-20.9670829732275,"2026-08-12",0.106005,0.6175,328
"2026-09-04",-44.7795346931393,-20.9697779190798,"2026-02-28",0.042032,0.5127,309
"2026-09-04",-44.7795346931393,-20.9692389299094,"2026-01-09",0.083762,0.5438,313
"2026-09-04",-44.7795346931393,-20.969149098381,"2026-01-09",0.065283,0.5361,314
"2026-09-04",-44.7795346931393,-20.9690592668525,"2026-01-09",0.082505,0.4643,316
"2026-09-04",-44.7795346931393,-20.9685202776821,"2026-09-02",0.133096,0.4011,316
"2026-09-04",-44.7795346931393,-20.9684304461537,"2026-08-17",0.124882,0.4335,317
"2026-09-04",-44.7795346931393,-20.9682507830968,"2026-08-02",0.019678,0.6424,319
"2026-09-04",-44.7795346931393,-20.9681609515684,"2026-07-08",0.079221,0.5509,317
"2026-09-04",-44.7795346931393,-20.9678016254548,"2026-08-07",0.118655,0.5463,317
"2026-09-04",-44.7795346931393,-20.9673524678127,"2026-08-12",0.088818,0.6183,325
"2026-09-04",-44.7795346931393,-20.9672626362843,"2026-08-12",0.101682,0.6783,327
"2026-09-04",-44.7795346931393,-20.9671728047559,"2026-08-12",0.106427,0.6481,327
"2026-09-04",-44.7795346931393,-20.9670829732275,"2026-08-14",0.110084,0.5917,325
"2026-09-04",-44.7794448616109,-20.9697779190798,"2026-03-05",0.044231,0.4957,309
"2026-09-04",-44.7794448616109,-20.9695084244946,"2026-01-09",0.07064,0.5093,311
"2026-09-04",-44.7794448616109,-20.9694185929662,"2026-01-09",0.074601,0.5043,313
"2026-09-04",-44.7794448616109,-20.9693287614378,"2026-01-09",0.06545,0.5007,313
"2026-09-04",-44.7794448616109,-20.9692389299094,"2026-01-09",0.069234,0.5215,314
"2026-09-04",-44.7794448616109,-20.969149098381,"2026-01-09",0.072788,0.5282,314
"2026-09-04",-44.7794448616109,-20.9685202776821,"2026-09-02",0.132218,0.4109,317
"2026-09-04",-44.7794448616109,-20.9682507830968,"2026-07-29",0.046703,0.6478,317
"2026-09-04",-44.7794448616109,-20.9681609515684,"2026-06-28",0.118195,0.5224,317
"2026-09-04",-44.7794448616109,-20.9678016254548,"2026-09-02",0.080409,0.5854,318
"2026-09-04",-44.7794448616109,-20.9677117939264,"2026-09-02",0.080409,0.5854,318
"2026-09-04",-44.7794448616109,-20.9673524678127,"2026-08-07",0.09135,0.6647,323
"2026-09-04",-44.7794448616109,-20.9672626362843,"2026-08-12",0.098856,0.6784,326
"2026-09-04",-44.7794448616109,-20.9671728047559,"2026-08-12",0.108994,0.6517,327
"2026-09-04",-44.7794448616109,-20.9670829732275,"2026-08-14",0.109073,0.6309,325
"2026-09-04",-44.7794448616109,-20.9669931416991,"2026-08-14",0.112443,0.5684,326
"2026-09-04",-44.7793550300825,-20.9697779190798,"2026-02-28",0.043839,0.5035,309
"2026-09-04",-44.7793550300825,-20.9696880875514,"2026-02-28",0.050992,0.4996,308
"2026-09-04",-44.7793550300825,-20.9692389299094,"2026-01-09",0.062414,0.5178,312
"2026-09-04",-44.7793550300825,-20.9685202776821,"2026-08-28",0.141181,0.4059,316
"2026-09-04",-44.7793550300825,-20.9684304461537,"2026-07-29",0.091269,0.5124,314
"2026-09-04",-44.7793550300825,-20.9682507830968,"2026-07-24",0.080365,0.586,316
"2026-09-04",-44.7793550300825,-20.9678914569832,"2026-06-09",0.139659,0.5485,317
"2026-09-04",-44.7793550300825,-20.9673524678127,"2026-08-12",0.106046,0.663,324
"2026-09-04",-44.7793550300825,-20.9672626362843,"2026-08-12",0.107308,0.6529,325
"2026-09-04",-44.7793550300825,-20.9671728047559,"2026-08-14",0.101094,0.6687,323
"2026-09-04",-44.7793550300825,-20.9670829732275,"2026-08-12",0.120115,0.6432,324
"2026-09-04",-44.7793550300825,-20.9669931416991,"2026-08-07",0.12135,0.6208,325
"2026-09-04",-44.7793550300825,-20.9669033101707,"2026-08-14",0.104313,0.5801,328
"2026-09-04",-44.7792651985541,-20.9698677506083,"2026-01-14",0.054363,0.4821,311
"2026-09-04",-44.7792651985541,-20.9697779190798,"2026-02-28",0.049929,0.502,308
"2026-09-04",-44.7792651985541,-20.9696880875514,"2026-01-09",0.054452,0.4916,310
"2026-09-04",-44.7792651985541,-20.9693287614378,"2026-01-09",0.076933,0.4915,310
"2026-09-04",-44.7792651985541,-20.9692389299094,"2026-01-09",0.063305,0.5013,311
"2026-09-04",-44.7792651985541,-20.9686101092105,"2026-08-28",0.14575,0.3801,319
"2026-09-04",-44.7792651985541,-20.9685202776821,"2026-08-12",0.149777,0.4172,317
"2026-09-04",-44.7792651985541,-20.9684304461537,"2026-07-14",0.08181,0.5197,316
"2026-09-04",-44.7792651985541,-20.9682507830968,"2026-07-08",0.090776,0.5567,316
"2026-09-04",-44.7792651985541,-20.9678914569832,"2026-08-07",0.118097,0.5854,317
"2026-09-04",-44.7792651985541,-20.9674422993411,"2026-09-02",0.103593,0.6299,320
"2026-09-04",-44.7792651985541,-20.9673524678127,"2026-08-12",0.103358,0.637,323
"2026-09-04",-44.7792651985541,-20.9672626362843,"2026-08-12",0.098574,0.6405,324
"2026-09-04",-44.7792651985541,-20.9671728047559,"2026-08-14",0.104291,0.6402,323
"2026-09-04",-44.7792651985541,-20.9670829732275,"2026-08-12",0.126636,0.5907,322
"2026-09-04",-44.7792651985541,-20.9669931416991,"2026-08-07",0.143833,0.6038,323
"2026-09-04",-44.7792651985541,-20.9669033101707,"2026-09-03",0.082335,0.5757,325
"2026-09-04",-44.7791753670257,-20.9698677506083,"2026-02-28",0.068221,0.4817,313
"2026-09-04",-44.7791753670257,-20.9697779190798,"2026-03-05",0.04971,0.4991,311
"2026-09-04",-44.7791753670257,-20.9696880875514,"2026-01-09",0.057531,0.4879,310
"2026-09-04",-44.7791753670257,-20.9695084244946,"2026-01-09",0.066303,0.4695,311
"2026-09-04",-44.7791753670257,-20.9693287614378,"2026-01-09",0.072226,0.4755,310
"2026-09-04",-44.7791753670257,-20.9692389299094,"2026-01-09",0.067149,0.443,311
"2026-09-04",-44.7791753670257,-20.9686101092105,"2026-08-22",0.138295,0.383,319
"2026-09-04",-44.7791753670257,-20.9685202776821,"2026-07-19",0.152118,0.4381,316
"2026-09-04",-44.7791753670257,-20.9684304461537,"2026-08-02",0.068429,0.5456,316
"2026-09-04",-44.7791753670257,-20.9683406146253,"2026-07-29",0.063441,0.5988,316
"2026-09-04",-44.7791753670257,-20.9675321308695,"2026-09-02",0.090696,0.6266,319
"2026-09-04",-44.7791753670257,-20.9674422993411,"2026-08-12",0.09177,0.65,320
"2026-09-04",-44.7791753670257,-20.9673524678127,"2026-08-12",0.103024,0.6372,322
"2026-09-04",-44.7791753670257,-20.9672626362843,"2026-08-14",0.098783,0.6428,321
"2026-09-04",-44.7791753670257,-20.9671728047559,"2026-08-17",0.09783,0.6353,322
"2026-09-04",-44.7791753670257,-20.9670829732275,"2026-08-14",0.128348,0.5656,321
"2026-09-04",-44.7791753670257,-20.9669931416991,"2026-08-12",0.117776,0.5713,323
"2026-09-04",-44.7790855354973,-20.9697779190798,"2026-03-05",0.045255,0.4661,313
"2026-09-04",-44.7790855354973,-20.9693287614378,"2026-01-09",0.065435,0.4785,311
"2026-09-04",-44.7790855354973,-20.9692389299094,"2026-01-09",0.07096,0.4356,313
"2026-09-04",-44.7790855354973,-20.9689694353241,"2026-08-22",0.119879,0.4085,317
"2026-09-04",-44.7790855354973,-20.9686101092105,"2026-09-03",0.11085,0.407,318
"2026-09-04",-44.7790855354973,-20.9685202776821,"2026-08-17",0.113086,0.4758,316
"2026-09-04",-44.7790855354973,-20.9684304461537,"2026-08-14",0.058353,0.6052,316
"2026-09-04",-44.7790855354973,-20.9683406146253,"2026-07-14",0.061288,0.5775,316
"2026-09-04",-44.7790855354973,-20.9679812885116,"2026-07-29",0.1399,0.5528,318
"2026-09-04",-44.7790855354973,-20.9675321308695,"2026-08-14",0.101985,0.636,316
"2026-09-04",-44.7790855354973,-20.9674422993411,"2026-08-14",0.107959,0.6445,317
"2026-09-04",-44.7790855354973,-20.9673524678127,"2026-08-14",0.098688,0.639,320
"2026-09-04",-44.7790855354973,-20.9672626362843,"2026-08-17",0.104819,0.6492,319
"2026-09-04",-44.7790855354973,-20.9671728047559,"2026-08-17",0.100162,0.6273,319
"2026-09-04",-44.7790855354973,-20.9670829732275,"2026-08-14",0.126417,0.5678,321
"2026-09-04",-44.7790855354973,-20.9669931416991,"2026-08-17",0.090535,0.5549,322
"2026-09-04",-44.7789957039689,-20.9697779190798,"2026-03-05",0.051329,0.4639,312
"2026-09-04",-44.7789957039689,-20.9689694353241,"2026-08-17",0.12923,0.408,317
"2026-09-04",-44.7789957039689,-20.9684304461537,"2026-08-07",0.057801,0.6114,317
"2026-09-04",-44.7789957039689,-20.9683406146253,"2026-06-09",0.104458,0.5406,315
"2026-09-04",-44.7789957039689,-20.9679812885116,"2026-08-14",0.124466,0.5866,318
"2026-09-04",-44.7789957039689,-20.967621962398,"2026-08-17",0.101578,0.6305,317
"2026-09-04",-44.7789957039689,-20.9675321308695,"2026-08-14",0.099922,0.6461,319
"2026-09-04",-44.7789957039689,-20.9674422993411,"2026-08-17",0.1052,0.6347,321
"2026-09-04",-44.7789957039689,-20.9673524678127,"2026-08-17",0.110725,0.6433,318
"2026-09-04",-44.7789957039689,-20.9672626362843,"2026-08-17",0.097035,0.6455,320
"2026-09-04",-44.7789957039689,-20.9671728047559,"2026-08-17",0.097893,0.6468,320
"2026-09-04",-44.7789957039689,-20.9670829732275,"2026-08-14",0.112663,0.5979,321
"2026-09-04",-44.7789058724405,-20.9697779190798,"2026-03-05",0.032556,0.4861,312
"2026-09-04",-44.7789058724405,-20.9689694353241,"2026-08-22",0.140389,0.415,318
"2026-09-04",-44.7789058724405,-20.9684304461537,"2026-08-02",0.048682,0.5801,316
"2026-09-04",-44.7789058724405,-20.967621962398,"2026-08-17",0.104072,0.6474,320
"2026-09-04",-44.7789058724405,-20.9675321308695,"2026-08-14",0.111194,0.6411,320
"2026-09-04",-44.7789058724405,-20.9674422993411,"2026-08-17",0.108727,0.6362,322
"2026-09-04",-44.7789058724405,-20.9673524678127,"2026-08-17",0.103041,0.6514,320
"2026-09-04",-44.7789058724405,-20.9672626362843,"2026-08-17",0.103526,0.6458,320
"2026-09-04",-44.7789058724405,-20.9671728047559,"2026-08-14",0.119891,0.63,320
"2026-09-04",-44.7789058724405,-20.9670829732275,"2026-08-14",0.096361,0.6011,321
"2026-09-04",-44.7788160409121,-20.9697779190798,"2026-03-05",0.039526,0.4925,313
"2026-09-04",-44.7788160409121,-20.9689694353241,"2026-08-14",0.15472,0.4341,318
"2026-09-04",-44.7788160409121,-20.9686101092105,"2026-09-03",0.130219,0.4187,319
"2026-09-04",-44.7788160409121,-20.9685202776821,"2026-07-14",0.109758,0.5044,319
"2026-09-04",-44.7788160409121,-20.9684304461537,"2026-07-14",0.081368,0.521,316
"2026-09-04",-44.7788160409121,-20.96807112004,"2026-07-03",0.138528,0.5678,316
"2026-09-04",-44.7788160409121,-20.967621962398,"2026-08-14",0.120997,0.642,318
"2026-09-04",-44.7788160409121,-20.9675321308695,"2026-08-14",0.107588,0.6395,320
"2026-09-04",-44.7788160409121,-20.9674422993411,"2026-08-17",0.090581,0.6584,321
"2026-09-04",-44.7788160409121,-20.9673524678127,"2026-08-22",0.097691,0.6524,321
"2026-09-04",-44.7788160409121,-20.9672626362843,"2026-08-17",0.11161,0.6283,320
"2026-09-04",-44.7788160409121,-20.9671728047559,"2026-08-12",0.121245,0.6091,318
"2026-09-04",-44.7788160409121,-20.9670829732275,"2026-08-22",0.086347,0.5682,321
"2026-09-04",-44.7787262093836,-20.9697779190798,"2026-03-16",0.055769,0.4635,313
"2026-09-04",-44.7787262093836,-20.9686101092105,"2026-08-22",0.14654,0.4442,317
"2026-09-04",-44.7787262093836,-20.9685202776821,"2026-07-24",0.098157,0.5106,319
"2026-09-04",-44.7787262093836,-20.96807112004,"2026-08-14",0.1186,0.585,314
"2026-09-04",-44.7787262093836,-20.9677117939264,"2026-08-17",0.111986,0.629,318
"2026-09-04",-44.7787262093836,-20.967621962398,"2026-08-12",0.126677,0.6509,319
"2026-09-04",-44.7787262093836,-20.9675321308695,"2026-08-17",0.106659,0.6311,319
"2026-09-04",-44.7787262093836,-20.9674422993411,"2026-08-22",0.100551,0.6478,319
"2026-09-04",-44.7787262093836,-20.9673524678127,"2026-08-17",0.110909,0.6583,320
"2026-09-04",-44.7787262093836,-20.9672626362843,"2026-08-17",0.131055,0.6044,320
"2026-09-04",-44.7787262093836,-20.9671728047559,"2026-08-12",0.130478,0.6222,318
"2026-09-04",-44.7786363778552,-20.9698677506083,"2026-03-16",0.064601,0.4455,315
"2026-09-04",-44.7786363778552,-20.9697779190798,"2026-02-28",0.074528,0.4772,315
"2026-09-04",-44.7786363778552,-20.9693287614378,"2026-01-09",0.078115,0.4831,316
"2026-09-04",-44.7786363778552,-20.9692389299094,"2026-01-09",0.074957,0.4833,317
"2026-09-04",-44.7786363778552,-20.969149098381,"2026-01-09",0.074393,0.4858,317
"2026-09-04",-44.7786363778552,-20.9686101092105,"2026-09-03",0.122144,0.4535,318
"2026-09-04",-44.7786363778552,-20.9681609515684,"2026-06-09",0.16005,0.5644,314
"2026-09-04",-44.7786363778552,-20.9677117939264,"2026-08-17",0.114553,0.6491,314
"2026-09-04",-44.7786363778552,-20.967621962398,"2026-08-17",0.132397,0.65,318
"2026-09-04",-44.7786363778552,-20.9675321308695,"2026-08-17",0.106923,0.6519,316
"2026-09-04",-44.7786363778552,-20.9674422993411,"2026-08-17",0.096859,0.6665,319
"2026-09-04",-44.7786363778552,-20.9673524678127,"2026-08-17",0.107051,0.6499,317
"2026-09-04",-44.7786363778552,-20.9672626362843,"2026-08-14",0.130874,0.6175,320
"2026-09-04",-44.7786363778552,-20.9671728047559,"2026-08-14",0.103534,0.6061,319
"2026-09-04",-44.7785465463268,-20.9697779190798,"2026-02-28",0.067241,0.4646,316
"2026-09-04",-44.7785465463268,-20.9693287614378,"2026-01-09",0.088464,0.472,316
"2026-09-04",-44.7785465463268,-20.9692389299094,"2026-01-09",0.08642,0.4681,317
"2026-09-04",-44.7785465463268,-20.969149098381,"2026-01-09",0.088995,0.4914,318
"2026-09-04",-44.7785465463268,-20.9686101092105,"2026-09-02",0.118116,0.4728,317
"2026-09-04",-44.7785465463268,-20.9681609515684,"2026-08-14",0.111799,0.5895,315
"2026-09-04",-44.7785465463268,-20.9677117939264,"2026-08-17",0.108476,0.6642,317
"2026-09-04",-44.7785465463268,-20.967621962398,"2026-08-17",0.127675,0.6303,317
"2026-09-04",-44.7785465463268,-20.9675321308695,"2026-08-14",0.109158,0.6446,316
"2026-09-04",-44.7785465463268,-20.9674422993411,"2026-08-14",0.109886,0.6587,316
"2026-09-04",-44.7785465463268,-20.9673524678127,"2026-08-17",0.103419,0.6376,319
"2026-09-04",-44.7785465463268,-20.9672626362843,"2026-08-12",0.124662,0.6243,320
"2026-09-04",-44.7785465463268,-20.9671728047559,"2026-09-03",0.078394,0.5469,319
"2026-09-04",-44.7784567147984,-20.9697779190798,"2026-02-28",0.067241,0.4646,316
"2026-09-04",-44.7784567147984,-20.9693287614378,"2026-01-09",0.088464,0.472,316
"2026-09-04",-44.7784567147984,-20.9692389299094,"2026-01-09",0.08642,0.4681,317
"2026-09-04",-44.7784567147984,-20.969149098381,"2026-01-09",0.088995,0.4914,318
"2026-09-04",-44.7784567147984,-20.9686101092105,"2026-09-02",0.118116,0.4728,317
"2026-09-04",-44.7784567147984,-20.9681609515684,"2026-08-14",0.111799,0.5895,315
"2026-09-04",-44.7784567147984,-20.9677117939264,"2026-08-17",0.108476,0.6642,317
"2026-09-04",-44.7784567147984,-20.967621962398,"2026-08-17",0.127675,0.6303,317
"2026-09-04",-44.7784567147984,-20.9675321308695,"2026-08-14",0.109158,0.6446,316
"2026-09-04",-44.7784567147984,-20.9674422993411,"2026-08-14",0.109886,0.6587,316
"2026-09-04",-44.7784567147984,-20.9673524678127,"2026-08-17",0.103419,0.6376,319
"2026-09-04",-44.7784567147984,-20.9672626362843,"2026-08-12",0.124662,0.6243,320
"2026-09-04",-44.7784567147984,-20.9671728047559,"2026-09-03",0.078394,0.5469,319
"2026-09-04",-44.77836688327,-20.969598256023,"2026-01-09",0.085024,0.4876,316
"2026-09-04",-44.77836688327,-20.9694185929662,"2026-01-09",0.108206,0.4734,317
"2026-09-04",-44.77836688327,-20.9693287614378,"2026-01-09",0.091912,0.4879,319
"2026-09-04",-44.77836688327,-20.9686999407389,"2026-09-03",0.129283,0.4484,318
"2026-09-04",-44.77836688327,-20.9686101092105,"2026-07-29",0.151933,0.4835,318
"2026-09-04",-44.77836688327,-20.9677117939264,"2026-08-17",0.12337,0.626,316
"2026-09-04",-44.77836688327,-20.967621962398,"2026-08-22",0.132862,0.6442,315
"2026-09-04",-44.77836688327,-20.9675321308695,"2026-08-22",0.12832,0.6567,317
"2026-09-04",-44.77836688327,-20.9674422993411,"2026-08-14",0.11571,0.6483,317
"2026-09-04",-44.77836688327,-20.9673524678127,"2026-08-14",0.116096,0.6292,321
"2026-09-04",-44.77836688327,-20.9672626362843,"2026-08-17",0.102253,0.6185,320
"2026-09-04",-44.7782770517416,-20.969598256023,"2026-01-09",0.099104,0.4939,318
"2026-09-04",-44.7782770517416,-20.969149098381,"2026-01-09",0.104378,0.5379,319
"2026-09-04",-44.7782770517416,-20.9686999407389,"2026-08-12",0.162443,0.4579,319
"2026-09-04",-44.7782770517416,-20.9686101092105,"2026-07-19",0.136351,0.5228,318
"2026-09-04",-44.7782770517416,-20.9682507830968,"2026-08-17",0.107406,0.5403,320
"2026-09-04",-44.7782770517416,-20.9677117939264,"2026-09-02",0.118077,0.6393,315
"2026-09-04",-44.7782770517416,-20.967621962398,"2026-08-22",0.112375,0.6357,315
"2026-09-04",-44.7782770517416,-20.9675321308695,"2026-08-22",0.136119,0.6539,316
"2026-09-04",-44.7782770517416,-20.9674422993411,"2026-08-17",0.122723,0.6502,318
"2026-09-04",-44.7782770517416,-20.9673524678127,"2026-08-14",0.116918,0.6481,320
"2026-09-04",-44.7781872202132,-20.9693287614378,"2026-01-09",0.109416,0.5494,319
"2026-09-04",-44.7781872202132,-20.9692389299094,"2026-01-09",0.075981,0.5053,319
"2026-09-04",-44.7781872202132,-20.969149098381,"2026-01-09",0.080912,0.5312,319
"2026-09-04",-44.7781872202132,-20.9686999407389,"2026-08-14",0.15306,0.4854,320
"2026-09-04",-44.7781872202132,-20.9677117939264,"2026-08-28",0.119359,0.6486,317
"2026-09-04",-44.7781872202132,-20.967621962398,"2026-08-22",0.13224,0.65,318
"2026-09-04",-44.7781872202132,-20.9675321308695,"2026-08-14",0.128419,0.6401,318
"2026-09-04",-44.7781872202132,-20.9674422993411,"2026-08-14",0.125134,0.6399,319
"2026-09-04",-44.7781872202132,-20.9673524678127,"2026-08-12",0.132068,0.6288,319
"2026-09-04",-44.7780973886848,-20.9686999407389,"2026-07-29",0.119398,0.4826,321
"2026-09-04",-44.7780973886848,-20.9683406146253,"2026-06-19",0.124653,0.5317,320
"2026-09-04",-44.7780973886848,-20.9678016254548,"2026-08-22",0.115587,0.6284,322
"2026-09-04",-44.7780973886848,-20.9677117939264,"2026-08-14",0.123101,0.6374,319
"2026-09-04",-44.7780973886848,-20.967621962398,"2026-08-12",0.13849,0.644,319
"2026-09-04",-44.7780973886848,-20.9675321308695,"2026-08-14",0.125131,0.6455,320
"2026-09-04",-44.7780973886848,-20.9674422993411,"2026-08-14",0.11321,0.6424,318
"2026-09-04",-44.7780973886848,-20.9673524678127,"2026-08-14",0.111513,0.6178,320
"2026-09-04",-44.7780075571563,-20.9678016254548,"2026-08-17",0.12181,0.6375,319
"2026-09-04",-44.7780075571563,-20.9677117939264,"2026-08-14",0.124023,0.6542,318
"2026-09-04",-44.7780075571563,-20.967621962398,"2026-08-14",0.127468,0.6748,320
"2026-09-04",-44.7780075571563,-20.9675321308695,"2026-08-17",0.115747,0.651,320
"2026-09-04",-44.7780075571563,-20.9674422993411,"2026-08-17",0.112855,0.6519,320
"2026-09-04",-44.7780075571563,-20.9673524678127,"2026-08-28",0.098469,0.6045,322
"2026-09-04",-44.7779177256279,-20.9684304461537,"2026-06-23",0.114141,0.5087,320
"2026-09-04",-44.7779177256279,-20.9678914569832,"2026-09-03",0.104497,0.6513,319
"2026-09-04",-44.7779177256279,-20.9678016254548,"2026-08-17",0.112366,0.6555,319
"2026-09-04",-44.7779177256279,-20.9677117939264,"2026-08-14",0.127766,0.6597,318
"2026-09-04",-44.7779177256279,-20.967621962398,"2026-08-14",0.134524,0.6561,319
"2026-09-04",-44.7779177256279,-20.9675321308695,"2026-08-17",0.115453,0.6395,321
"2026-09-04",-44.7779177256279,-20.9674422993411,"2026-08-17",0.105746,0.6472,321
"2026-09-04",-44.7778278940995,-20.9685202776821,"2026-07-08",0.107414,0.462,325
"2026-09-04",-44.7778278940995,-20.9678914569832,"2026-08-17",0.108257,0.6455,320
"2026-09-04",-44.7778278940995,-20.9678016254548,"2026-08-17",0.115087,0.6507,320
"2026-09-04",-44.7778278940995,-20.9677117939264,"2026-08-14",0.115203,0.6501,320
"2026-09-04",-44.7778278940995,-20.967621962398,"2026-08-17",0.119254,0.6596,320
"2026-09-04",-44.7778278940995,-20.9675321308695,"2026-08-17",0.11677,0.6509,322
"2026-09-04",-44.7778278940995,-20.9674422993411,"2026-09-02",0.089358,0.6316,322
"2026-09-04",-44.7777380625711,-20.9678016254548,"2026-08-17",0.115499,0.6653,320
"2026-09-04",-44.7777380625711,-20.9677117939264,"2026-08-17",0.109096,0.6606,320
"2026-09-04",-44.7777380625711,-20.967621962398,"2026-09-02",0.108969,0.6772,321
"2026-09-04",-44.7777380625711,-20.9675321308695,"2026-08-17",0.108078,0.6661,322
"2026-09-04",-44.7776482310427,-20.967621962398,"2026-09-02",0.111919,0.6765,319
"2026-09-04",-44.7776482310427,-20.9675321308695,"2026-08-28",0.098611,0.6571,321
"2026-09-04",-44.7775583995143,-20.9678914569832,"2026-09-02",0.106499,0.6775,320
"2026-09-04",-44.7775583995143,-20.967621962398,"2026-09-03",0.101821,0.6828,320
"2026-09-04",-44.7775583995143,-20.9675321308695,"2026-09-03",0.080281,0.572,321
"2026-09-04",-44.7774685679859,-20.9679812885116,"2026-08-28",0.125057,0.6696,323
"2026-09-04",-44.7774685679859,-20.967621962398,"2026-09-03",0.076189,0.6525,320
"2026-09-04",-44.7773787364575,-20.96807112004,"2026-09-02",0.126765,0.666,322
"2026-09-04",-44.7773787364575,-20.9679812885116,"2026-08-28",0.133615,0.6659,322
"2026-09-04",-44.7773787364575,-20.9677117939264,"2026-08-28",0.095517,0.6625,319
"2026-09-04",-44.7772889049291,-20.9678016254548,"2026-09-03",0.097002,0.6584,321
"2026-09-04",-44.7772889049291,-20.9677117939264,"2026-09-02",0.07521,0.5888,320
"2026-09-04",-44.7771990734006,-20.9678914569832,"2026-08-22",0.108847,0.6444,322
"2026-09-04",-44.7771990734006,-20.9678016254548,"2026-08-17",0.092076,0.6166,321
